"ID","year","gid","forest","natural_lands","agriculture","pasture","mosaic","UF","Status","Start_period","End_period","AFOLU","REDD_type","Project_begin","Treatment"
"1094",2008,2553309.66666667,0.939574510536622,0.00144835740374961,0,0.0589771320596288,0,"PA","Registered",2003-01-01,NA,"REDD","AUD",2003-01-01,1
"1094",2009,2553309.66666667,0.923918696723602,0.00126551325456086,0,0.0748157900218374,0,"PA","Registered",2003-01-01,NA,"REDD","AUD",2003-01-01,1
"1094",2010,2553309.66666667,0.928023894203767,0.0110308038262188,0,0.0609453019700145,0,"PA","Registered",2003-01-01,NA,"REDD","AUD",2003-01-01,1
"1094",2011,2553309.66666667,0.946423428992923,0.0247825087045382,0,0.0287940623025383,0,"PA","Registered",2003-01-01,NA,"REDD","AUD",2003-01-01,1
"1094",2012,2553309.66666667,0.97008862106038,0.0297937295847138,0,0.000117649354906004,0,"PA","Registered",2003-01-01,NA,"REDD","AUD",2003-01-01,1
"1094",2013,2553309.66666667,0.971135115386108,0.024779349205732,0,0.00408553540816044,0,"PA","Registered",2003-01-01,NA,"REDD","AUD",2003-01-01,1
"1094",2014,2553309.66666667,0.949546962453339,0.0219388077439988,0,0.0285142298026621,0,"PA","Registered",2003-01-01,NA,"REDD","AUD",2003-01-01,1
"1094",2015,2553309.66666667,0.936906473460961,0.0145867512319378,0,0.048506775307101,0,"PA","Registered",2003-01-01,NA,"REDD","AUD",2003-01-01,1
"1094",2016,2553309.66666667,0.954186533927409,0.0106699824724458,0,0.0351434836001453,0,"PA","Registered",2003-01-01,NA,"REDD","AUD",2003-01-01,1
"1094",2017,2553309.66666667,0.956525363813705,0.0131767918025942,0,0.030297844383701,0,"PA","Registered",2003-01-01,NA,"REDD","AUD",2003-01-01,1
"1094",2018,2553309.66666667,0.95703252543488,0.0285768538272345,0,0.0143906207378859,0,"PA","Registered",2003-01-01,NA,"REDD","AUD",2003-01-01,1
"1094",2019,2553309.66666667,0.962198272265084,0.023839091035216,0,0.0139626366996997,0,"PA","Registered",2003-01-01,NA,"REDD","AUD",2003-01-01,1
"1094",2020,2553309.66666667,0.963233155376279,0.0239611029958817,0,0.0128057416278394,0,"PA","Registered",2003-01-01,NA,"REDD","AUD",2003-01-01,1
"1094",2021,2553309.66666667,0.969415458852293,0.0235908670841693,0,0.0069936740635375,0,"PA","Registered",2003-01-01,NA,"REDD","AUD",2003-01-01,1
"1113",2008,837572.941176471,0.992583024381789,0,0,0.007416975618211,0,"AC","Registered",NA,NA,"REDD","AUD",2011-03-19,1
"1113",2009,837572.941176471,0.993396617432978,0,0,0.00660338256702239,0,"AC","Registered",NA,NA,"REDD","AUD",2011-03-19,1
"1113",2010,837572.941176471,0.994212722403312,0,0,0.00578727759668809,0,"AC","Registered",NA,NA,"REDD","AUD",2011-03-19,1
"1113",2011,837572.941176471,0.994612480762917,0,0,0.00538751923708344,0,"AC","Registered",NA,NA,"REDD","AUD",2011-03-19,1
"1113",2012,837572.941176471,0.994419539706981,0,0,0.00558046029301936,0,"AC","Registered",NA,NA,"REDD","AUD",2011-03-19,1
"1113",2013,837572.941176471,0.994320319655302,0,0,0.00567968034469823,0,"AC","Registered",NA,NA,"REDD","AUD",2011-03-19,1
"1113",2014,837572.941176471,0.993760313934495,0,0,0.00623968606550458,0,"AC","Registered",NA,NA,"REDD","AUD",2011-03-19,1
"1113",2015,837572.941176471,0.983689233980463,0,0,0.0163107660195368,0,"AC","Registered",NA,NA,"REDD","AUD",2011-03-19,1
"1113",2016,837572.941176471,0.968428495688277,0,0,0.0315715043117228,0,"AC","Registered",NA,NA,"REDD","AUD",2011-03-19,1
"1113",2017,837572.941176471,0.968825021303818,0,0,0.0311749786961816,0,"AC","Registered",NA,NA,"REDD","AUD",2011-03-19,1
"1113",2018,837572.941176471,0.967950865635693,1.23417644751585e-07,0,0.0320490109466626,0,"AC","Registered",NA,NA,"REDD","AUD",2011-03-19,1
"1113",2019,837572.941176471,0.968611403584993,0,0,0.0313885964150074,0,"AC","Registered",NA,NA,"REDD","AUD",2011-03-19,1
"1113",2020,837572.941176471,0.969969236670147,0,0,0.0300307633298533,0,"AC","Registered",NA,NA,"REDD","AUD",2011-03-19,1
"1113",2021,837572.941176471,0.968977145180435,0,0,0.0310228548195651,0,"AC","Registered",NA,NA,"REDD","AUD",2011-03-19,1
"1115",2008,4607875.66666667,0.944528515331086,0.0017430968532324,0.0166742612052697,0.0370541266104116,0,"AP","Registered",NA,NA,"REDD","AUD",2011-02-14,1
"1115",2009,4607875.66666667,0.934026457054477,0.00180155589521729,0.0167504798380883,0.0474215072122179,0,"AP","Registered",NA,NA,"REDD","AUD",2011-02-14,1
"1115",2010,4607875.66666667,0.910940564138088,0.00167583827293868,0.0170403430304726,0.0703432545585008,0,"AP","Registered",NA,NA,"REDD","AUD",2011-02-14,1
"1115",2011,4607875.66666667,0.892881793753806,0.00154997445634582,0.0171880455249727,0.0883801862648756,0,"AP","Registered",NA,NA,"REDD","AUD",2011-02-14,1
"1115",2012,4607875.66666667,0.8896204887739,0.00149135132010535,0.017599647412171,0.0912885124938237,0,"AP","Registered",NA,NA,"REDD","AUD",2011-02-14,1
"1115",2013,4607875.66666667,0.889875056374048,0.00149821795632582,0.0184685685521878,0.0901581571174386,0,"AP","Registered",NA,NA,"REDD","AUD",2011-02-14,1
"1115",2014,4607875.66666667,0.876736575271652,0.00153124204464649,0.0194729661910142,0.102259216492688,0,"AP","Registered",NA,NA,"REDD","AUD",2011-02-14,1
"1115",2015,4607875.66666667,0.846079042394065,0.00142228393484309,0.0199001893959519,0.13259848427514,0,"AP","Registered",NA,NA,"REDD","AUD",2011-02-14,1
"1115",2016,4607875.66666667,0.823270094206075,0.00142689568608623,0.0223096964092036,0.152993313698635,0,"AP","Registered",NA,NA,"REDD","AUD",2011-02-14,1
"1115",2017,4607875.66666667,0.823971302218395,0.00143511250091478,0.0243260318601571,0.150267553420533,0,"AP","Registered",NA,NA,"REDD","AUD",2011-02-14,1
"1115",2018,4607875.66666667,0.850535683472919,0.00153484332023745,0.0249369644413153,0.122992508765529,0,"AP","Registered",NA,NA,"REDD","AUD",2011-02-14,1
"1115",2019,4607875.66666667,0.888056251595292,0.0014101086520147,0.028795330874788,0.0817383088779059,0,"AP","Registered",NA,NA,"REDD","AUD",2011-02-14,1
"1115",2020,4607875.66666667,0.892781457304322,0.00167322084349265,0.0287502589001121,0.0767950629520734,0,"AP","Registered",NA,NA,"REDD","AUD",2011-02-14,1
"1115",2021,4607875.66666667,0.909686023913307,0.00196695693807021,0.0281443495693693,0.0602026695792535,0,"AP","Registered",NA,NA,"REDD","AUD",2011-02-14,1
"1147",2008,3544944,0.993775645022873,0.00383237227144367,0,0.00239198270568362,0,"AM","Registered",2013-05-06,2049-04-06,"REDD","APD",2013-06-05,1
"1147",2009,3544944,0.991581560340151,0.00320661265981015,0,0.00521182700003889,0,"AM","Registered",2013-05-06,2049-04-06,"REDD","APD",2013-06-05,1
"1147",2010,3544944,0.98919922230006,0.00331544093328272,0,0.00748533676665768,0,"AM","Registered",2013-05-06,2049-04-06,"REDD","APD",2013-06-05,1
"1147",2011,3544944,0.98894082090504,0.00315235499533745,0,0.0079068240996223,0,"AM","Registered",2013-05-06,2049-04-06,"REDD","APD",2013-06-05,1
"1147",2012,3544944,0.989694783974277,0.00292101409878777,0,0.00738420192693552,0,"AM","Registered",2013-05-06,2049-04-06,"REDD","APD",2013-06-05,1
"1147",2013,3544944,0.98957730770553,0.00300220606314622,0,0.00742048623132422,0,"AM","Registered",2013-05-06,2049-04-06,"REDD","APD",2013-06-05,1
"1147",2014,3544944,0.988282183529602,0.00337922966846855,0,0.00833858680192939,0,"AM","Registered",2013-05-06,2049-04-06,"REDD","APD",2013-06-05,1
"1147",2015,3544944,0.986447815111581,0.00357911273608277,0,0.00997307215233624,0,"AM","Registered",2013-05-06,2049-04-06,"REDD","APD",2013-06-05,1
"1147",2016,3544944,0.984568378116475,0.00397961396685983,0,0.0114520079166648,0,"AM","Registered",2013-05-06,2049-04-06,"REDD","APD",2013-06-05,1
"1147",2017,3544944,0.986807331892229,0.0038138207271456,0,0.00937884738062585,0,"AM","Registered",2013-05-06,2049-04-06,"REDD","APD",2013-06-05,1
"1147",2018,3544944,0.987734058536477,0.00374607271389754,0,0.00851986874962497,0,"AM","Registered",2013-05-06,2049-04-06,"REDD","APD",2013-06-05,1
"1147",2019,3544944,0.987831804874841,0.00384433376163966,0,0.0083238613635191,0,"AM","Registered",2013-05-06,2049-04-06,"REDD","APD",2013-06-05,1
"1147",2020,3544944,0.983009291518615,0.00365461058493761,0,0.0133360978964469,0,"AM","Registered",2013-05-06,2049-04-06,"REDD","APD",2013-06-05,1
"1147",2021,3544944,0.977895340710113,0.00277448110084537,0,0.0193301781890415,0,"AM","Registered",2013-05-06,2049-04-06,"REDD","APD",2013-06-05,1
"1329",2008,5266729.47058824,0.832118073176515,0.000213892270958156,0.00624278800354294,0.161425246548984,0,"PA","Registered",NA,NA,"REDD","AUD",2012-05-21,1
"1329",2009,5266729.47058824,0.823993258469143,0.000203832591095912,0.00576479400494905,0.170038114934812,0,"PA","Registered",NA,NA,"REDD","AUD",2012-05-21,1
"1329",2010,5266729.47058824,0.823511225650601,0.000280673073624942,0.00199792445874884,0.174210176817025,0,"PA","Registered",NA,NA,"REDD","AUD",2012-05-21,1
"1329",2011,5266729.47058824,0.825789366274937,0.000301948292668559,0.00090233828059755,0.173006347151797,0,"PA","Registered",NA,NA,"REDD","AUD",2012-05-21,1
"1329",2012,5266729.47058824,0.835612741369186,0.000250933344857144,0.000812444387446562,0.163323880898511,0,"PA","Registered",NA,NA,"REDD","AUD",2012-05-21,1
"1329",2013,5266729.47058824,0.833147521058967,0.000190466889118852,0.000806264652991807,0.165855747398923,0,"PA","Registered",NA,NA,"REDD","AUD",2012-05-21,1
"1329",2014,5266729.47058824,0.822685347663827,0.000291579771965389,0.00113786425806804,0.175885208306139,0,"PA","Registered",NA,NA,"REDD","AUD",2012-05-21,1
"1329",2015,5266729.47058824,0.822709286084128,0.000188344910074053,0.00114229260221987,0.175960076403578,0,"PA","Registered",NA,NA,"REDD","AUD",2012-05-21,1
"1329",2016,5266729.47058824,0.826088672390177,0.000285458986983787,0.00095117417235293,0.172674694450486,0,"PA","Registered",NA,NA,"REDD","AUD",2012-05-21,1
"1329",2017,5266729.47058824,0.83219462442357,0.000384777748599102,0.00113259090434974,0.166288006923481,0,"PA","Registered",NA,NA,"REDD","AUD",2012-05-21,1
"1329",2018,5266729.47058824,0.82893431495945,0.00046672010126806,0.00128010456369282,0.16931886037559,0,"PA","Registered",NA,NA,"REDD","AUD",2012-05-21,1
"1329",2019,5266729.47058824,0.835158320214568,0.000383564673065459,0.00137582050958875,0.163082294602778,0,"PA","Registered",NA,NA,"REDD","AUD",2012-05-21,1
"1329",2020,5266729.47058824,0.843112893366931,0.000386059123383626,0.00127685883898568,0.1552241886707,0,"PA","Registered",NA,NA,"REDD","AUD",2012-05-21,1
"1329",2021,5266729.47058824,0.840603911482043,0.000825414936865308,0.00241715682454078,0.156153516756551,0,"PA","Registered",NA,NA,"REDD","AUD",2012-05-21,1
"1382",2008,1221429.16666667,0.977194860794627,0.000232703826577822,0,0.0225724353787955,0,"AC","Registered",2012-02-08,2042-01-08,"REDD","APD",2012-08-02,1
"1382",2009,1221429.16666667,0.977626003976335,0.000259714772677891,0,0.0221142812509868,0,"AC","Registered",2012-02-08,2042-01-08,"REDD","APD",2012-08-02,1
"1382",2010,1221429.16666667,0.975003342764226,0.000263179479696956,0,0.0247334777560771,0,"AC","Registered",2012-02-08,2042-01-08,"REDD","APD",2012-08-02,1
"1382",2011,1221429.16666667,0.975820751365091,0.000684255137708243,0,0.0234949934972009,0,"AC","Registered",2012-02-08,2042-01-08,"REDD","APD",2012-08-02,1
"1382",2012,1221429.16666667,0.973461907278321,0.000664623944824434,0,0.0258734687768544,0,"AC","Registered",2012-02-08,2042-01-08,"REDD","APD",2012-08-02,1
"1382",2013,1221429.16666667,0.97289866945987,0.000792383921465251,0,0.026308946618665,0,"AC","Registered",2012-02-08,2042-01-08,"REDD","APD",2012-08-02,1
"1382",2014,1221429.16666667,0.975049247605339,0.00111488123674401,0,0.0238358711579166,0,"AC","Registered",2012-02-08,2042-01-08,"REDD","APD",2012-08-02,1
"1382",2015,1221429.16666667,0.975029043216708,0.000151474174433856,0,0.0248194826088582,0,"AC","Registered",2012-02-08,2042-01-08,"REDD","APD",2012-08-02,1
"1382",2016,1221429.16666667,0.974539302944959,0.000150984944234697,0,0.0253097121108064,0,"AC","Registered",2012-02-08,2042-01-08,"REDD","APD",2012-08-02,1
"1382",2017,1221429.16666667,0.970987860871658,0.000331808553582573,0,0.0286803305747597,0,"AC","Registered",2012-02-08,2042-01-08,"REDD","APD",2012-08-02,1
"1382",2018,1221429.16666667,0.963753780763201,0.000685305661135817,0,0.0355609135756629,0,"AC","Registered",2012-02-08,2042-01-08,"REDD","APD",2012-08-02,1
"1382",2019,1221429.16666667,0.956666452793901,0.00076432179154084,0,0.0425692254145586,0,"AC","Registered",2012-02-08,2042-01-08,"REDD","APD",2012-08-02,1
"1382",2020,1221429.16666667,0.951890578725523,0.000792799830722793,0,0.0473166214437537,0,"AC","Registered",2012-02-08,2042-01-08,"REDD","APD",2012-08-02,1
"1382",2021,1221429.16666667,0.940692397023367,0.00111512874803513,0,0.0581924742285977,0,"AC","Registered",2012-02-08,2042-01-08,"REDD","APD",2012-08-02,1
"1503",2008,5696133.67647059,0.919698756667865,2.04571952819601e-05,1.55452746195944e-05,0.0802652408622337,0,"RO","Registered",2012-01-10,NA,"REDD","AUD",2012-10-01,1
"1503",2009,5696133.67647059,0.920383925995947,1.70476627349668e-05,3.58243883891424e-05,0.079563201952929,0,"RO","Registered",2012-01-10,NA,"REDD","AUD",2012-10-01,1
"1503",2010,5696133.67647059,0.918968363758427,2.04571952819601e-05,6.50668614266653e-05,0.0809461121848648,0,"RO","Registered",2012-01-10,NA,"REDD","AUD",2012-10-01,1
"1503",2011,5696133.67647059,0.916875576286192,2.72762603759469e-05,5.84258778450906e-05,0.0830387215755874,0,"RO","Registered",2012-01-10,NA,"REDD","AUD",2012-10-01,1
"1503",2012,5696133.67647059,0.9154454790854,2.72762603759469e-05,0,0.0845272446542241,0,"RO","Registered",2012-01-10,NA,"REDD","AUD",2012-10-01,1
"1503",2013,5696133.67647059,0.911480508425431,0.000227060312467078,0,0.0882924312621023,0,"RO","Registered",2012-01-10,NA,"REDD","AUD",2012-10-01,1
"1503",2014,5696133.67647059,0.911234086342933,0.000230469845014071,0,0.0885354438120527,0,"RO","Registered",2012-01-10,NA,"REDD","AUD",2012-10-01,1
"1503",2015,5696133.67647059,0.889926201585598,0.000230469845014071,8.97365725430853e-05,0.109753591996845,0,"RO","Registered",2012-01-10,NA,"REDD","AUD",2012-10-01,1
"1503",2016,5696133.67647059,0.866694303338545,1.70476627349668e-05,9.99651701840653e-05,0.133188683828536,0,"RO","Registered",2012-01-10,NA,"REDD","AUD",2012-10-01,1
"1503",2017,5696133.67647059,0.841385790698254,1.70476627349668e-05,0.000137963927749137,0.158459197711262,0,"RO","Registered",2012-01-10,NA,"REDD","AUD",2012-10-01,1
"1503",2018,5696133.67647059,0.831892261700766,1.02285976409801e-05,0.000145601410953487,0.16795190829064,0,"RO","Registered",2012-01-10,NA,"REDD","AUD",2012-10-01,1
"1503",2019,5696133.67647059,0.802252216344904,0.000176944769899433,0.000152242394535061,0.197418596490662,0,"RO","Registered",2012-01-10,NA,"REDD","AUD",2012-10-01,1
"1503",2020,5696133.67647059,0.763580422148204,2.38667278289535e-05,0.00026281974915228,0.236132891374815,0,"RO","Registered",2012-01-10,NA,"REDD","AUD",2012-10-01,1
"1503",2021,5696133.67647059,0.718117114843945,3.06857929229403e-05,0.00384399865933078,0.278008200703801,0,"RO","Registered",2012-01-10,NA,"REDD","AUD",2012-10-01,1
"1571",2008,5892526,0.996778565255404,0.00130123086585125,0,0.00192020387874452,0,"RO","Registered",2013-01-01,NA,"REDD","AUD",2013-01-01,1
"1571",2009,5892526,0.997094208027586,0.000970195164432663,0,0.00193559680798138,0,"RO","Registered",2013-01-01,NA,"REDD","AUD",2013-01-01,1
"1571",2010,5892526,0.997394688720918,0.000995760685523169,0,0.00160955059355898,0,"RO","Registered",2013-01-01,NA,"REDD","AUD",2013-01-01,1
"1571",2011,5892526,0.99789407213779,0.000710412673859269,0,0.00139551518835059,0,"RO","Registered",2013-01-01,NA,"REDD","AUD",2013-01-01,1
"1571",2012,5892526,0.997798761379329,0.000709267979430285,1.41503959899219e-05,0.00147782024525041,0,"RO","Registered",2013-01-01,NA,"REDD","AUD",2013-01-01,1
"1571",2013,5892526,0.995538481207534,0.000899665649062273,1.60061371898856e-05,0.00354584700621425,0,"RO","Registered",2013-01-01,NA,"REDD","AUD",2013-01-01,1
"1571",2014,5892526,0.995539667883516,0.000948966848258241,1.1761658713984e-05,0.00349960360951211,0,"RO","Registered",2013-01-01,NA,"REDD","AUD",2013-01-01,1
"1571",2015,5892526,0.996738536755987,0.00123762273722955,0,0.00202384050678284,0,"RO","Registered",2013-01-01,NA,"REDD","AUD",2013-01-01,1
"1571",2016,5892526,0.997094315882128,0.00141640527532172,6.10875834513963e-06,0.00148317008420571,0,"RO","Registered",2013-01-01,NA,"REDD","AUD",2013-01-01,1
"1571",2017,5892526,0.997524267603587,0.00139485858840707,1.2213385777593e-05,0.0010686604222283,0,"RO","Registered",2013-01-01,NA,"REDD","AUD",2013-01-01,1
"1571",2018,5892526,0.998105234085568,0.000857160699712009,3.91086585135007e-05,0.000998496556206718,0,"RO","Registered",2013-01-01,NA,"REDD","AUD",2013-01-01,1
"1571",2019,5892526,0.997987217692163,0.000865991205644635,5.86749680394203e-05,0.00108811613415336,0,"RO","Registered",2013-01-01,NA,"REDD","AUD",2013-01-01,1
"1571",2020,5892526,0.997638624996356,0.000984222746623542,6.11082331416553e-05,0.00131604402387859,0,"RO","Registered",2013-01-01,NA,"REDD","AUD",2013-01-01,1
"1571",2021,5892526,0.997764199814689,0.000132013544976152,0.000357687583493021,0.00174609905684224,0,"RO","Registered",2013-01-01,NA,"REDD","AUD",2013-01-01,1
"1686",2008,5621379.77777778,0.991231787099955,0.00286799202772162,0,0.00590022087232305,0,"AC","Registered",2014-01-07,NA,"REDD","AUD",2014-07-01,1
"1686",2009,5621379.77777778,0.990611668588113,0.00316142189709421,0,0.00622690951479248,0,"AC","Registered",2014-01-07,NA,"REDD","AUD",2014-07-01,1
"1686",2010,5621379.77777778,0.990896212080325,0.00265734588583902,0,0.00644644203383613,0,"AC","Registered",2014-01-07,NA,"REDD","AUD",2014-07-01,1
"1686",2011,5621379.77777778,0.990601415392561,0.0034772255293618,0,0.00592135907807759,0,"AC","Registered",2014-01-07,NA,"REDD","AUD",2014-07-01,1
"1686",2012,5621379.77777778,0.990147688307416,0.00337108490765634,0,0.00648122678492824,0,"AC","Registered",2014-01-07,NA,"REDD","AUD",2014-07-01,1
"1686",2013,5621379.77777778,0.990880941707973,0.00330481329682447,0,0.00581424499520228,0,"AC","Registered",2014-01-07,NA,"REDD","AUD",2014-07-01,1
"1686",2014,5621379.77777778,0.989473076584676,0.00352975548891572,0,0.00699716792640842,0,"AC","Registered",2014-01-07,NA,"REDD","AUD",2014-07-01,1
"1686",2015,5621379.77777778,0.988952522743004,0.00288332312308218,0,0.00816415413391354,0,"AC","Registered",2014-01-07,NA,"REDD","AUD",2014-07-01,1
"1686",2016,5621379.77777778,0.988199984326828,0.00298099910874139,0,0.00881901656443113,0,"AC","Registered",2014-01-07,NA,"REDD","AUD",2014-07-01,1
"1686",2017,5621379.77777778,0.98557567343269,0.00379507411231316,0,0.0106292524549969,0,"AC","Registered",2014-01-07,NA,"REDD","AUD",2014-07-01,1
"1686",2018,5621379.77777778,0.983917420731021,0.00376555342918806,0,0.0123170258397911,0,"AC","Registered",2014-01-07,NA,"REDD","AUD",2014-07-01,1
"1686",2019,5621379.77777778,0.981858332648852,0.00417782628549333,0,0.0139638410656548,0,"AC","Registered",2014-01-07,NA,"REDD","AUD",2014-07-01,1
"1686",2020,5621379.77777778,0.981100999295774,0.0036162549429897,0,0.0152827457612366,0,"AC","Registered",2014-01-07,NA,"REDD","AUD",2014-07-01,1
"1686",2021,5621379.77777778,0.978353391371626,0.00310056100208163,0,0.0185460476262919,0,"AC","Registered",2014-01-07,NA,"REDD","AUD",2014-07-01,1
"1811",2008,2626527.45435244,0.914099042883521,0.039899249373819,0.00230483421124703,0.0436968735314131,0,"PA","Registered",2014-08-07,2044-07-07,"REDD","AUD",2014-07-08,1
"1811",2009,2626527.45435244,0.905766425016938,0.0413736557317898,0.00237686405421791,0.0504830551970543,0,"PA","Registered",2014-08-07,2044-07-07,"REDD","AUD",2014-07-08,1
"1811",2010,2626527.45435244,0.901729420250568,0.0404928434518236,0.00260312561410174,0.0551746106835072,0,"PA","Registered",2014-08-07,2044-07-07,"REDD","AUD",2014-07-08,1
"1811",2011,2626527.45435244,0.900085092390219,0.0404965776091876,0.00268789305717419,0.0567304369434194,0,"PA","Registered",2014-08-07,2044-07-07,"REDD","AUD",2014-07-08,1
"1811",2012,2626527.45435244,0.902591359658082,0.0418435523361432,0.00269064682564003,0.052874441180135,0,"PA","Registered",2014-08-07,2044-07-07,"REDD","AUD",2014-07-08,1
"1811",2013,2626527.45435244,0.907031221576935,0.041569312659559,0.00322432154506551,0.0481751442184403,0,"PA","Registered",2014-08-07,2044-07-07,"REDD","AUD",2014-07-08,1
"1811",2014,2626527.45435244,0.904697440910531,0.0420005274146858,0.00387063596083964,0.0494313957139431,0,"PA","Registered",2014-08-07,2044-07-07,"REDD","AUD",2014-07-08,1
"1811",2015,2626527.45435244,0.887011443289451,0.0421221204012908,0.00370492538702952,0.0671615109222283,0,"PA","Registered",2014-08-07,2044-07-07,"REDD","AUD",2014-07-08,1
"1811",2016,2626527.45435244,0.873331613312634,0.042683413603254,0.00318991405112916,0.0807950590329828,0,"PA","Registered",2014-08-07,2044-07-07,"REDD","AUD",2014-07-08,1
"1811",2017,2626527.45435244,0.877180460057447,0.0427156056837449,0.00306329792916129,0.0770406363296465,0,"PA","Registered",2014-08-07,2044-07-07,"REDD","AUD",2014-07-08,1
"1811",2018,2626527.45435244,0.883920972089497,0.042442135071712,0.0032277379736046,0.0704091548651865,0,"PA","Registered",2014-08-07,2044-07-07,"REDD","AUD",2014-07-08,1
"1811",2019,2626527.45435244,0.888965710748385,0.0408278863649461,0.00427981278190908,0.0659265901047594,0,"PA","Registered",2014-08-07,2044-07-07,"REDD","AUD",2014-07-08,1
"1811",2020,2626527.45435244,0.891565926101094,0.0418699025576837,0.00419307348185674,0.0623710978593659,0,"PA","Registered",2014-08-07,2044-07-07,"REDD","AUD",2014-07-08,1
"1811",2021,2626527.45435244,0.907321113943796,0.0453358407086781,0.00369240761487144,0.0436506377326546,0,"PA","Registered",2014-08-07,2044-07-07,"REDD","AUD",2014-07-08,1
"1953",2008,5751024.6,0.794148056371314,0.00119927008945272,0.00545459886230722,0.199198074676927,0,"PA","Registered",2016-01-01,NA,"REDD","AUD",2016-01-01,1
"1953",2009,5751024.6,0.806773827042001,0.00174684877591422,0.00938335449301397,0.182095969689071,0,"PA","Registered",2016-01-01,NA,"REDD","AUD",2016-01-01,1
"1953",2010,5751024.6,0.832724271359391,0.00143020001059922,0.01303855885533,0.15280696977468,0,"PA","Registered",2016-01-01,NA,"REDD","AUD",2016-01-01,1
"1953",2011,5751024.6,0.83972930487167,0.00116332438642904,0.013449649705932,0.145657721035969,0,"PA","Registered",2016-01-01,NA,"REDD","AUD",2016-01-01,1
"1953",2012,5751024.6,0.844435428500536,0.00217255609810035,0.0150368760515924,0.138355139349771,0,"PA","Registered",2016-01-01,NA,"REDD","AUD",2016-01-01,1
"1953",2013,5751024.6,0.830660326991457,0.00184623843989817,0.0284717754083618,0.139021659160283,0,"PA","Registered",2016-01-01,NA,"REDD","AUD",2016-01-01,1
"1953",2014,5751024.6,0.830744980786525,0.000945373065199152,0.0286952347098678,0.139614411438408,0,"PA","Registered",2016-01-01,NA,"REDD","AUD",2016-01-01,1
"1953",2015,5751024.6,0.817296297260499,0.00107143805304635,0.0305771728111538,0.151055091875301,0,"PA","Registered",2016-01-01,NA,"REDD","AUD",2016-01-01,1
"1953",2016,5751024.6,0.802415461195229,0.00222905442800321,0.0314541925437775,0.16390129183299,0,"PA","Registered",2016-01-01,NA,"REDD","AUD",2016-01-01,1
"1953",2017,5751024.6,0.813607140716655,0.00174642939212565,0.029230611258791,0.155415818632428,0,"PA","Registered",2016-01-01,NA,"REDD","AUD",2016-01-01,1
"1953",2018,5751024.6,0.838421472806651,0.00214640319600708,0.0299593770662416,0.1294727469311,0,"PA","Registered",2016-01-01,NA,"REDD","AUD",2016-01-01,1
"1953",2019,5751024.6,0.8598286161733,0.00636550706558632,0.0322145053327516,0.101591371428362,0,"PA","Registered",2016-01-01,NA,"REDD","AUD",2016-01-01,1
"1953",2020,5751024.6,0.866252777940206,0.000731629293492362,0.0322531467916222,0.100762445974679,0,"PA","Registered",2016-01-01,NA,"REDD","AUD",2016-01-01,1
"1953",2021,5751024.6,0.865970613911182,4.45035962661607e-05,0.0333686944439121,0.100616188048639,0,"PA","Registered",2016-01-01,NA,"REDD","AUD",2016-01-01,1
"2252",2008,5753148.225,0.998002506719752,0.00107765792612032,0,0.000919835354128202,0,"PA","Registered",2016-01-01,NA,"REDD","AUD",2016-01-01,1
"2252",2009,5753148.225,0.997686428564221,0.0010981320376906,0,0.00121543939808828,0,"PA","Registered",2016-01-01,NA,"REDD","AUD",2016-01-01,1
"2252",2010,5753148.225,0.997861392499247,0.000999586365970038,0,0.00113902113478294,0,"PA","Registered",2016-01-01,NA,"REDD","AUD",2016-01-01,1
"2252",2011,5753148.225,0.998055586970756,0.00098177428459627,0,0.000962638744647545,0,"PA","Registered",2016-01-01,NA,"REDD","AUD",2016-01-01,1
"2252",2012,5753148.225,0.998002694717042,0.00116296214910802,0,0.000834343133850331,0,"PA","Registered",2016-01-01,NA,"REDD","AUD",2016-01-01,1
"2252",2013,5753148.225,0.99783483252041,0.00118525384526357,0,0.000979913634326381,0,"PA","Registered",2016-01-01,NA,"REDD","AUD",2016-01-01,1
"2252",2014,5753148.225,0.997625717409788,0.00129601881185516,0,0.00107826377835669,0,"PA","Registered",2016-01-01,NA,"REDD","AUD",2016-01-01,1
"2252",2015,5753148.225,0.997635694125108,0.00133447673583346,0,0.0010298291390588,0,"PA","Registered",2016-01-01,NA,"REDD","AUD",2016-01-01,1
"2252",2016,5753148.225,0.991689145983446,0.00379199644971305,0,0.00451885756684069,0,"PA","Registered",2016-01-01,NA,"REDD","AUD",2016-01-01,1
"2252",2017,5753148.225,0.991759571228697,0.00374367714753809,0,0.0044967516237647,0,"PA","Registered",2016-01-01,NA,"REDD","AUD",2016-01-01,1
"2252",2018,5753148.225,0.992489311343369,0.00431984599281404,0,0.00319084266381661,0,"PA","Registered",2016-01-01,NA,"REDD","AUD",2016-01-01,1
"2252",2019,5753148.225,0.996108814167386,0.00205601350571935,0,0.00183517232689483,0,"PA","Registered",2016-01-01,NA,"REDD","AUD",2016-01-01,1
"2252",2020,5753148.225,0.996440047059005,0.00129582126416949,0,0.00226413167682519,0,"PA","Registered",2016-01-01,NA,"REDD","AUD",2016-01-01,1
"2252",2021,5753148.225,0.994889018848021,0.000943028571443986,0,0.00416795258053508,0,"PA","Registered",2016-01-01,NA,"REDD","AUD",2016-01-01,1
"2373",2008,5959067,0.995832087155381,0.00396850885916634,0,0.000199403985451929,0,"AM","Registered",2020-01-03,NA,"REDD","AUD",2020-03-01,1
"2373",2009,5959067,0.996086520222687,0.00369837744854845,0,0.000215102328765262,0,"AM","Registered",2020-01-03,NA,"REDD","AUD",2020-03-01,1
"2373",2010,5959067,0.995586368920375,0.00422817493208852,0,0.000185456147536459,0,"AM","Registered",2020-01-03,NA,"REDD","AUD",2020-03-01,1
"2373",2011,5959067,0.995651167568568,0.00420421208304085,0,0.000144620348391785,0,"AM","Registered",2020-01-03,NA,"REDD","AUD",2020-03-01,1
"2373",2012,5959067,0.995721902352771,0.00410805439177152,0,0.00017004325545782,0,"AM","Registered",2020-01-03,NA,"REDD","AUD",2020-03-01,1
"2373",2013,5959067,0.995743915148564,0.00413271536290697,0,0.000123369488529368,0,"AM","Registered",2020-01-03,NA,"REDD","AUD",2020-03-01,1
"2373",2014,5959067,0.995861521529376,0.0040431631010232,0,9.53153696008115e-05,0,"AM","Registered",2020-01-03,NA,"REDD","AUD",2020-03-01,1
"2373",2015,5959067,0.995313998235915,0.00459094832036246,0,9.50534437225133e-05,0,"AM","Registered",2020-01-03,NA,"REDD","AUD",2020-03-01,1
"2373",2016,5959067,0.995309177016231,0.00459983396304669,0,9.09890207223337e-05,0,"AM","Registered",2020-01-03,NA,"REDD","AUD",2020-03-01,1
"2373",2017,5959067,0.995540264805606,0.00437027905237041,0,8.94561420234578e-05,0,"AM","Registered",2020-01-03,NA,"REDD","AUD",2020-03-01,1
"2373",2018,5959067,0.995626733654243,0.00429041349883798,0,8.28528469187104e-05,0,"AM","Registered",2020-01-03,NA,"REDD","AUD",2020-03-01,1
"2373",2019,5959067,0.995872660978758,0.00391645546523064,0,0.000210883556010904,0,"AM","Registered",2020-01-03,NA,"REDD","AUD",2020-03-01,1
"2373",2020,5959067,0.995596949216744,0.00416175376175476,0,0.000241297021501212,0,"AM","Registered",2020-01-03,NA,"REDD","AUD",2020-03-01,1
"2373",2021,5959067,0.99588073134136,0.00377248609573936,0,0.000346782562901304,0,"AM","Registered",2020-01-03,NA,"REDD","AUD",2020-03-01,1
"2482",2008,4094864.25,0.852151818484344,0.00219877846417333,0,0.145649403051482,0,"MT","Registration and verification approval requested",2020-01-01,NA,"REDD","AUD",2020-01-01,0
"2482",2009,4094864.25,0.875301399252922,0.0022238439453304,0,0.122474756801747,0,"MT","Registration and verification approval requested",2020-01-01,NA,"REDD","AUD",2020-01-01,0
"2482",2010,4094864.25,0.881630627786639,0.00221487693932644,0,0.116154495274035,0,"MT","Registration and verification approval requested",2020-01-01,NA,"REDD","AUD",2020-01-01,0
"2482",2011,4094864.25,0.878875841536605,0.00225657298628849,0,0.118867585477106,0,"MT","Registration and verification approval requested",2020-01-01,NA,"REDD","AUD",2020-01-01,0
"2482",2012,4094864.25,0.876779186475388,0.00224811847941723,0,0.120972695045195,0,"MT","Registration and verification approval requested",2020-01-01,NA,"REDD","AUD",2020-01-01,0
"2482",2013,4094864.25,0.890987015941905,0.00224620388135221,0,0.106766780176742,0,"MT","Registration and verification approval requested",2020-01-01,NA,"REDD","AUD",2020-01-01,0
"2482",2014,4094864.25,0.933246724900574,0.00222195411643254,0,0.0645313209829931,0,"MT","Registration and verification approval requested",2020-01-01,NA,"REDD","AUD",2020-01-01,0
"2482",2015,4094864.25,0.941607751012928,0.00220242042565603,0,0.0561898285614161,0,"MT","Registration and verification approval requested",2020-01-01,NA,"REDD","AUD",2020-01-01,0
"2482",2016,4094864.25,0.952128715303063,0.00221746745585796,0,0.0456538172410792,0,"MT","Registration and verification approval requested",2020-01-01,NA,"REDD","AUD",2020-01-01,0
"2482",2017,4094864.25,0.974105185449883,0.00222874077577368,0,0.0236660737743431,0,"MT","Registration and verification approval requested",2020-01-01,NA,"REDD","AUD",2020-01-01,0
"2482",2018,4094864.25,0.974152471734246,0.00220868793419953,0,0.0236388403315549,0,"MT","Registration and verification approval requested",2020-01-01,NA,"REDD","AUD",2020-01-01,0
"2482",2019,4094864.25,0.976227345972473,0.00227145141404584,0,0.0215012026134813,0,"MT","Registration and verification approval requested",2020-01-01,NA,"REDD","AUD",2020-01-01,0
"2482",2020,4094864.25,0.976218206548566,0.00224186894786712,0,0.0215399245035669,0,"MT","Registration and verification approval requested",2020-01-01,NA,"REDD","AUD",2020-01-01,0
"2482",2021,4094864.25,0.978419055363597,0.00211774466971972,3.52295045929398e-06,0.0194596770162247,0,"MT","Registration and verification approval requested",2020-01-01,NA,"REDD","AUD",2020-01-01,0
"2508",2008,5201688.34375,0.982153798653402,0.000138806340511735,0,0.017707395006086,0,"AM","Registered",NA,NA,"REDD","AUD",2018-04-26,1
"2508",2009,5201688.34375,0.98142903759688,0.000133616482665966,8.01348564969206e-06,0.0184293324348039,0,"AM","Registered",NA,NA,"REDD","AUD",2018-04-26,1
"2508",2010,5201688.34375,0.980006346152419,0.000142868904408473,8.01286119758472e-06,0.0198427720819755,0,"AM","Registered",NA,NA,"REDD","AUD",2018-04-26,1
"2508",2011,5201688.34375,0.979575921938178,0.000139312456414317,0,0.0202847656054079,0,"AM","Registered",NA,NA,"REDD","AUD",2018-04-26,1
"2508",2012,5201688.34375,0.98031606170719,0.000138505938795057,0,0.0195454323540152,0,"AM","Registered",NA,NA,"REDD","AUD",2018-04-26,1
"2508",2013,5201688.34375,0.981176401211805,0.000153322086556565,0,0.018670276701638,0,"AM","Registered",NA,NA,"REDD","AUD",2018-04-26,1
"2508",2014,5201688.34375,0.980180170624695,0.000140452493991417,9.66600462760363e-06,0.0196697108766864,0,"AM","Registered",NA,NA,"REDD","AUD",2018-04-26,1
"2508",2015,5201688.34375,0.979412513244166,0.000152546580664605,7.35525625670019e-05,0.0203613876126023,0,"AM","Registered",NA,NA,"REDD","AUD",2018-04-26,1
"2508",2016,5201688.34375,0.978997336035271,0.000164424857131267,7.23104489076247e-05,0.0207659286586901,0,"AM","Registered",NA,NA,"REDD","AUD",2018-04-26,1
"2508",2017,5201688.34375,0.978871036808934,0.000167526028925367,0.000107174586539229,0.0208542625756015,0,"AM","Registered",NA,NA,"REDD","AUD",2018-04-26,1
"2508",2018,5201688.34375,0.954947344150555,0.00015116996077294,4.34560670105784e-05,0.0448580298216619,0,"AM","Registered",NA,NA,"REDD","AUD",2018-04-26,1
"2508",2019,5201688.34375,0.907640826822079,0.000149180602915351,3.72608226218488e-05,0.0921727317523833,0,"AM","Registered",NA,NA,"REDD","AUD",2018-04-26,1
"2508",2020,5201688.34375,0.892431299989361,0.000145502119786303,3.726412925267e-05,0.1073859337616,0,"AM","Registered",NA,NA,"REDD","AUD",2018-04-26,1
"2508",2021,5201688.34375,0.874748229029173,0.00488120537530131,3.72603118924709e-05,0.120333305283633,0,"AM","Registered",NA,NA,"REDD","AUD",2018-04-26,1
"2551",2008,4871122,0.964332166844252,0.00149347820106574,0,0.0341743549546823,0,"MT","Registered",2021-02-08,2121-01-08,"REDD","APD",2021-08-02,1
"2551",2009,4871122,0.955505154468576,0.00150211865160266,0,0.0429927268798212,0,"MT","Registered",2021-02-08,2121-01-08,"REDD","APD",2021-08-02,1
"2551",2010,4871122,0.946054100980574,0.00153055334992482,0,0.0524153456695015,0,"MT","Registered",2021-02-08,2121-01-08,"REDD","APD",2021-08-02,1
"2551",2011,4871122,0.940484607892136,0.00166659339817711,0,0.0578487987096869,0,"MT","Registered",2021-02-08,2121-01-08,"REDD","APD",2021-08-02,1
"2551",2012,4871122,0.936611626274965,0.00148488063710787,0,0.0619034930879271,0,"MT","Registered",2021-02-08,2121-01-08,"REDD","APD",2021-08-02,1
"2551",2013,4871122,0.9298412906642,0.00147638047441233,0,0.0686823288613881,0,"MT","Registered",2021-02-08,2121-01-08,"REDD","APD",2021-08-02,1
"2551",2014,4871122,0.924711524949861,0.00152764028306185,2.03386433146037e-07,0.0737606313806444,0,"MT","Registered",2021-02-08,2121-01-08,"REDD","APD",2021-08-02,1
"2551",2015,4871122,0.917960668296516,0.00149641440388366,1.78825759172011e-06,0.0805411290420087,0,"MT","Registered",2021-02-08,2121-01-08,"REDD","APD",2021-08-02,1
"2551",2016,4871122,0.904314742068357,0.00148824525373461,1.78816676095861e-06,0.0941952245111473,0,"MT","Registered",2021-02-08,2121-01-08,"REDD","APD",2021-08-02,1
"2551",2017,4871122,0.897531216306339,0.00151774646662733,4.47543047688346e-06,0.100946561796557,0,"MT","Registered",2021-02-08,2121-01-08,"REDD","APD",2021-08-02,1
"2551",2018,4871122,0.889998015486367,0.00165336694004135,3.30808276826361e-06,0.108345309490824,0,"MT","Registered",2021-02-08,2121-01-08,"REDD","APD",2021-08-02,1
"2551",2019,4871122,0.886926556996253,0.00164724348034978,3.38617829199795e-06,0.111422813345105,0,"MT","Registered",2021-02-08,2121-01-08,"REDD","APD",2021-08-02,1
"2551",2020,4871122,0.883759408457318,0.00158066137529672,3.15562013734398e-06,0.114656774547248,0,"MT","Registered",2021-02-08,2121-01-08,"REDD","APD",2021-08-02,1
"2551",2021,4871122,0.87913919194205,0.0015341973550218,3.15543139960394e-06,0.119323455271529,0,"MT","Registered",2021-02-08,2121-01-08,"REDD","APD",2021-08-02,1
"2558",2008,5825931.05952381,0.977879195251424,0.000527278207635862,0.000581670527034348,0.0210118560139063,0,"PA","Registration and verification approval requested",NA,2047-12-09,"REDD","AUD",2017-09-13,0
"2558",2009,5825931.05952381,0.977219836676683,0.000402679602410827,0.00104260257508955,0.021334881145817,0,"PA","Registration and verification approval requested",NA,2047-12-09,"REDD","AUD",2017-09-13,0
"2558",2010,5825931.05952381,0.974808731076169,0.000418102003267674,0.000835790571308987,0.0239373763492544,0,"PA","Registration and verification approval requested",NA,2047-12-09,"REDD","AUD",2017-09-13,0
"2558",2011,5825931.05952381,0.975308996935797,0.000415012722675224,0.000190387838151818,0.0240856025033758,0,"PA","Registration and verification approval requested",NA,2047-12-09,"REDD","AUD",2017-09-13,0
"2558",2012,5825931.05952381,0.975959449927038,0.000634371146482028,0.000143656514398782,0.023262522412081,0,"PA","Registration and verification approval requested",NA,2047-12-09,"REDD","AUD",2017-09-13,0
"2558",2013,5825931.05952381,0.975697864990503,0.000605941137529952,0.000105845260782584,0.0235903486111842,0,"PA","Registration and verification approval requested",NA,2047-12-09,"REDD","AUD",2017-09-13,0
"2558",2014,5825931.05952381,0.977685700573014,0.000491769003840954,0.000127670561853167,0.0216948598612915,0,"PA","Registration and verification approval requested",NA,2047-12-09,"REDD","AUD",2017-09-13,0
"2558",2015,5825931.05952381,0.97805473934799,0.000552128266674473,0.00104939863853754,0.0203437337467981,0,"PA","Registration and verification approval requested",NA,2047-12-09,"REDD","AUD",2017-09-13,0
"2558",2016,5825931.05952381,0.978321152452247,0.000538460281886682,0.00122440946851464,0.0199159777973515,0,"PA","Registration and verification approval requested",NA,2047-12-09,"REDD","AUD",2017-09-13,0
"2558",2017,5825931.05952381,0.977468128024108,0.0005800068653647,0.00122834682843264,0.0207235182820949,0,"PA","Registration and verification approval requested",NA,2047-12-09,"REDD","AUD",2017-09-13,0
"2558",2018,5825931.05952381,0.976084726477347,0.000580560202316122,0.00114149099343911,0.0221932223268978,0,"PA","Registration and verification approval requested",NA,2047-12-09,"REDD","AUD",2017-09-13,0
"2558",2019,5825931.05952381,0.976830370291985,0.000582110099440628,0.000244140965305101,0.0223433786432691,0,"PA","Registration and verification approval requested",NA,2047-12-09,"REDD","AUD",2017-09-13,0
"2558",2020,5825931.05952381,0.97719250332224,0.000659750745370822,0.000246961491463081,0.0219007844409264,0,"PA","Registration and verification approval requested",NA,2047-12-09,"REDD","AUD",2017-09-13,0
"2558",2021,5825931.05952381,0.979016132294922,0.000679246275812512,0.00024387026423251,0.0200607511650332,0,"PA","Registration and verification approval requested",NA,2047-12-09,"REDD","AUD",2017-09-13,0
"2566",2008,5471493.76470588,0.550972728155801,0.438293982899064,0,0.0107332889451346,0,"MS","Registration and verification approval requested",2016-01-07,NA,"REDD","AUD",2016-07-01,0
"2566",2009,5471493.76470588,0.549903560135016,0.439722757623247,0,0.0103736822417376,0,"MS","Registration and verification approval requested",2016-01-07,NA,"REDD","AUD",2016-07-01,0
"2566",2010,5471493.76470588,0.544566119247177,0.44616251904533,0,0.00927136170749285,0,"MS","Registration and verification approval requested",2016-01-07,NA,"REDD","AUD",2016-07-01,0
"2566",2011,5471493.76470588,0.547820934792771,0.443337447925572,0,0.0088416172816566,0,"MS","Registration and verification approval requested",2016-01-07,NA,"REDD","AUD",2016-07-01,0
"2566",2012,5471493.76470588,0.549868424907609,0.44115512800408,0,0.00897644708831087,0,"MS","Registration and verification approval requested",2016-01-07,NA,"REDD","AUD",2016-07-01,0
"2566",2013,5471493.76470588,0.538504612377191,0.453246547437432,0,0.00824884018537728,0,"MS","Registration and verification approval requested",2016-01-07,NA,"REDD","AUD",2016-07-01,0
"2566",2014,5471493.76470588,0.546695593488855,0.44457093452144,0,0.00873347198970524,0,"MS","Registration and verification approval requested",2016-01-07,NA,"REDD","AUD",2016-07-01,0
"2566",2015,5471493.76470588,0.552432011543099,0.438145581936044,0,0.00942240652085704,0,"MS","Registration and verification approval requested",2016-01-07,NA,"REDD","AUD",2016-07-01,0
"2566",2016,5471493.76470588,0.548061790999238,0.442777482850468,0,0.00916072615029378,0,"MS","Registration and verification approval requested",2016-01-07,NA,"REDD","AUD",2016-07-01,0
"2566",2017,5471493.76470588,0.545693053337851,0.445494696798042,0,0.00881224986410677,0,"MS","Registration and verification approval requested",2016-01-07,NA,"REDD","AUD",2016-07-01,0
"2566",2018,5471493.76470588,0.550646116454975,0.44075808926204,0,0.00859579428298503,0,"MS","Registration and verification approval requested",2016-01-07,NA,"REDD","AUD",2016-07-01,0
"2566",2019,5471493.76470588,0.55409416739139,0.437007148643849,0,0.00889868396476159,0,"MS","Registration and verification approval requested",2016-01-07,NA,"REDD","AUD",2016-07-01,0
"2566",2020,5471493.76470588,0.549972199263013,0.440688289967855,0,0.00933951076913215,0,"MS","Registration and verification approval requested",2016-01-07,NA,"REDD","AUD",2016-07-01,0
"2566",2021,5471493.76470588,0.546647544546364,0.442434474300619,0,0.0109179811530176,0,"MS","Registration and verification approval requested",2016-01-07,NA,"REDD","AUD",2016-07-01,0
"2586",2008,2060854.2,0.975151019332316,0.0213140606314561,0,0.00353492003622759,0,"AM","Under validation",2021-01-01,NA,"REDD","APD",2021-01-01,0
"2586",2009,2060854.2,0.974189898790654,0.0214734909897736,0,0.00433661021957284,0,"AM","Under validation",2021-01-01,NA,"REDD","APD",2021-01-01,0
"2586",2010,2060854.2,0.973278572539582,0.0215459871302487,0,0.0051754403301695,0,"AM","Under validation",2021-01-01,NA,"REDD","APD",2021-01-01,0
"2586",2011,2060854.2,0.972232733443795,0.021509380783786,0,0.00625788577241852,0,"AM","Under validation",2021-01-01,NA,"REDD","APD",2021-01-01,0
"2586",2012,2060854.2,0.972575254728438,0.0214608525522547,0,0.00596389271930712,0,"AM","Under validation",2021-01-01,NA,"REDD","APD",2021-01-01,0
"2586",2013,2060854.2,0.972109617063713,0.0215706403957919,0,0.00631974254049458,0,"AM","Under validation",2021-01-01,NA,"REDD","APD",2021-01-01,0
"2586",2014,2060854.2,0.97045687475679,0.0220449835623125,0,0.00749814168089744,0,"AM","Under validation",2021-01-01,NA,"REDD","APD",2021-01-01,0
"2586",2015,2060854.2,0.967333880231102,0.0216970229760342,0,0.0109690967928643,0,"AM","Under validation",2021-01-01,NA,"REDD","APD",2021-01-01,0
"2586",2016,2060854.2,0.966598927847786,0.0216347902891651,0,0.0117662818630491,0,"AM","Under validation",2021-01-01,NA,"REDD","APD",2021-01-01,0
"2586",2017,2060854.2,0.969349364245674,0.0215995768164146,0,0.00905105893791124,0,"AM","Under validation",2021-01-01,NA,"REDD","APD",2021-01-01,0
"2586",2018,2060854.2,0.971413853577193,0.0215759510674303,0,0.00701019535537671,0,"AM","Under validation",2021-01-01,NA,"REDD","APD",2021-01-01,0
"2586",2019,2060854.2,0.971578568715756,0.0217151680245426,0,0.00670626325970083,0,"AM","Under validation",2021-01-01,NA,"REDD","APD",2021-01-01,0
"2586",2020,2060854.2,0.969886711940254,0.021770927277398,0,0.00834236078234855,0,"AM","Under validation",2021-01-01,NA,"REDD","APD",2021-01-01,0
"2586",2021,2060854.2,0.966131267049294,0.020837724437448,1.41369229934647e-05,0.0130168715902647,0,"AM","Under validation",2021-01-01,NA,"REDD","APD",2021-01-01,0
"2587",2008,2342948,0.994761909459543,0.00278555692723861,0,0.00245253361321864,0,"AM","Under validation",2021-01-01,NA,"REDD","APD",2021-01-01,0
"2587",2009,2342948,0.994571880120108,0.00252426616542006,0,0.00290385371447248,0,"AM","Under validation",2021-01-01,NA,"REDD","APD",2021-01-01,0
"2587",2010,2342948,0.993962259117942,0.00251889881173538,0,0.00351884207032294,0,"AM","Under validation",2021-01-01,NA,"REDD","APD",2021-01-01,0
"2587",2011,2342948,0.99361124281279,0.00236085997465671,0,0.0040278972125533,0,"AM","Under validation",2021-01-01,NA,"REDD","APD",2021-01-01,0
"2587",2012,2342948,0.993418284891487,0.00249526750141494,0,0.00408644760709774,0,"AM","Under validation",2021-01-01,NA,"REDD","APD",2021-01-01,0
"2587",2013,2342948,0.993711911163733,0.00303655714537988,0,0.00325153169088695,0,"AM","Under validation",2021-01-01,NA,"REDD","APD",2021-01-01,0
"2587",2014,2342948,0.993481690210603,0.00302232524059685,0,0.00349598454880052,0,"AM","Under validation",2021-01-01,NA,"REDD","APD",2021-01-01,0
"2587",2015,2342948,0.992154979596327,0.00301035265395395,0,0.00483466774971863,0,"AM","Under validation",2021-01-01,NA,"REDD","APD",2021-01-01,0
"2587",2016,2342948,0.989952548623357,0.00276775290533312,0,0.00727969847130942,0,"AM","Under validation",2021-01-01,NA,"REDD","APD",2021-01-01,0
"2587",2017,2342948,0.989871871733293,0.00263968480953528,0,0.0074884434571722,0,"AM","Under validation",2021-01-01,NA,"REDD","APD",2021-01-01,0
"2587",2018,2342948,0.989966004994791,0.00257353218768261,0,0.00746046281752641,0,"AM","Under validation",2021-01-01,NA,"REDD","APD",2021-01-01,0
"2587",2019,2342948,0.988613161095614,0.002548350676071,0,0.00883848822831494,0,"AM","Under validation",2021-01-01,NA,"REDD","APD",2021-01-01,0
"2587",2020,2342948,0.985549230534575,0.00286045531367311,0,0.0115903141517523,0,"AM","Under validation",2021-01-01,NA,"REDD","APD",2021-01-01,0
"2587",2021,2342948,0.94097056239928,0.00198700404966451,0,0.0570424335510556,0,"AM","Under validation",2021-01-01,NA,"REDD","APD",2021-01-01,0
"2620",2008,2810447.42068966,0.966678096483481,0.00123855570263027,0,0.0320833478138886,0,"PA","Under development",2017-01-04,NA,"REDD","AUD",2018-07-01,0
"2620",2009,2810447.42068966,0.958321149837255,0.00207062428878212,0,0.0396082258739631,0,"PA","Under development",2017-01-04,NA,"REDD","AUD",2018-07-01,0
"2620",2010,2810447.42068966,0.959600676283556,0.000948357708400017,0,0.0394509660080435,0,"PA","Under development",2017-01-04,NA,"REDD","AUD",2018-07-01,0
"2620",2011,2810447.42068966,0.959038141893926,0.000991010803078941,0,0.0399708473029946,0,"PA","Under development",2017-01-04,NA,"REDD","AUD",2018-07-01,0
"2620",2012,2810447.42068966,0.961144283262389,0.00246456510021659,0,0.0363911516373942,0,"PA","Under development",2017-01-04,NA,"REDD","AUD",2018-07-01,0
"2620",2013,2810447.42068966,0.963437654345629,0.00179925893970533,0,0.0347630867146661,0,"PA","Under development",2017-01-04,NA,"REDD","AUD",2018-07-01,0
"2620",2014,2810447.42068966,0.961274767054819,0.00107560872542002,0,0.0376496242197615,0,"PA","Under development",2017-01-04,NA,"REDD","AUD",2018-07-01,0
"2620",2015,2810447.42068966,0.959510698965995,0.00183340843297645,0,0.0386558926010282,0,"PA","Under development",2017-01-04,NA,"REDD","AUD",2018-07-01,0
"2620",2016,2810447.42068966,0.956561971975413,0.00146280236302225,0,0.041975225661565,0,"PA","Under development",2017-01-04,NA,"REDD","AUD",2018-07-01,0
"2620",2017,2810447.42068966,0.954189355338282,0.00145032818616939,0,0.0443603164755487,0,"PA","Under development",2017-01-04,NA,"REDD","AUD",2018-07-01,0
"2620",2018,2810447.42068966,0.950232386216989,0.00218303305679282,0,0.0475845807262179,0,"PA","Under development",2017-01-04,NA,"REDD","AUD",2018-07-01,0
"2620",2019,2810447.42068966,0.960100564060553,0.00152790356215405,0,0.0383715323772926,0,"PA","Under development",2017-01-04,NA,"REDD","AUD",2018-07-01,0
"2620",2020,2810447.42068966,0.962399007349679,0.0019533502447812,0,0.0356476424055395,0,"PA","Under development",2017-01-04,NA,"REDD","AUD",2018-07-01,0
"2620",2021,2810447.42068966,0.974787567385188,0.000942643895659475,0,0.0242697887191527,0,"PA","Under development",2017-01-04,NA,"REDD","AUD",2018-07-01,0
"2709",2008,5833875.16666667,0.918170255495249,0.000870211108744298,0,0.0809595333960064,0,"MT","Registration and verification approval requested",2020-12-11,2050-11-11,"REDD","AUD",2020-11-12,0
"2709",2009,5833875.16666667,0.918494298124259,0.000875949625912326,0,0.0806297522498288,0,"MT","Registration and verification approval requested",2020-12-11,2050-11-11,"REDD","AUD",2020-11-12,0
"2709",2010,5833875.16666667,0.91863240617246,0.000898898564420061,0,0.0804686952631199,0,"MT","Registration and verification approval requested",2020-12-11,2050-11-11,"REDD","AUD",2020-11-12,0
"2709",2011,5833875.16666667,0.919049159400702,0.000976320973166981,0,0.0799745196261311,0,"MT","Registration and verification approval requested",2020-12-11,2050-11-11,"REDD","AUD",2020-11-12,0
"2709",2012,5833875.16666667,0.919360237535743,0.000926626322430867,0,0.0797131361418257,0,"MT","Registration and verification approval requested",2020-12-11,2050-11-11,"REDD","AUD",2020-11-12,0
"2709",2013,5833875.16666667,0.920194522826642,0.000922464478185749,0,0.0788830126951718,0,"MT","Registration and verification approval requested",2020-12-11,2050-11-11,"REDD","AUD",2020-11-12,0
"2709",2014,5833875.16666667,0.92121076004297,0.000958272777245551,0,0.0778309671797841,0,"MT","Registration and verification approval requested",2020-12-11,2050-11-11,"REDD","AUD",2020-11-12,0
"2709",2015,5833875.16666667,0.922220644821859,0.000924105458060235,0,0.0768552497200806,0,"MT","Registration and verification approval requested",2020-12-11,2050-11-11,"REDD","AUD",2020-11-12,0
"2709",2016,5833875.16666667,0.922853799226177,0.000953432935427746,2.14852014626462e-05,0.0761712826369325,0,"MT","Registration and verification approval requested",2020-12-11,2050-11-11,"REDD","AUD",2020-11-12,0
"2709",2017,5833875.16666667,0.922681995591185,0.000941643934719127,0.00027149481848253,0.0761048656556128,0,"MT","Registration and verification approval requested",2020-12-11,2050-11-11,"REDD","AUD",2020-11-12,0
"2709",2018,5833875.16666667,0.922177731957584,0.000953422217168338,0.000275401218748466,0.0765934446064995,0,"MT","Registration and verification approval requested",2020-12-11,2050-11-11,"REDD","AUD",2020-11-12,0
"2709",2019,5833875.16666667,0.921180841120142,0.0011109564071588,0.000253916017285819,0.077454286455413,0,"MT","Registration and verification approval requested",2020-12-11,2050-11-11,"REDD","AUD",2020-11-12,0
"2709",2020,5833875.16666667,0.91448890085689,0.00104804299655186,0.000253916017285819,0.084209140129272,0,"MT","Registration and verification approval requested",2020-12-11,2050-11-11,"REDD","AUD",2020-11-12,0
"2709",2021,5833875.16666667,0.915460048658257,0.00104117890259478,0.000253916017285819,0.0832448564218626,0,"MT","Registration and verification approval requested",2020-12-11,2050-11-11,"REDD","AUD",2020-11-12,0
"2870",2008,5719685,0.540931775989806,0.00131662267234081,0.000913574359246752,0.456838026978606,0,"MT","Under development",2021-01-08,NA,"REDD","AUD",2021-07-30,0
"2870",2009,5719685,0.542461207268906,0.00118090998692429,0.00134022179071061,0.455017660953459,0,"MT","Under development",2021-01-08,NA,"REDD","AUD",2021-07-30,0
"2870",2010,5719685,0.546535215927671,0.00124532036481925,0.00143178004890229,0.450787683658607,0,"MT","Under development",2021-01-08,NA,"REDD","AUD",2021-07-30,0
"2870",2011,5719685,0.55033402371603,0.00116300861003863,0.00104840154525584,0.447454566128676,0,"MT","Under development",2021-01-08,NA,"REDD","AUD",2021-07-30,0
"2870",2012,5719685,0.562721842548357,0.00138972789156627,0.00154512908218808,0.434343300477888,0,"MT","Under development",2021-01-08,NA,"REDD","AUD",2021-07-30,0
"2870",2013,5719685,0.569587205498639,0.00156530740631326,0.00178442434911707,0.427063062745931,0,"MT","Under development",2021-01-08,NA,"REDD","AUD",2021-07-30,0
"2870",2014,5719685,0.571622303772326,0.00155464892943136,0.00299580976143869,0.423827237536804,0,"MT","Under development",2021-01-08,NA,"REDD","AUD",2021-07-30,0
"2870",2015,5719685,0.574206373858498,0.00130171175831819,0.00567896470747215,0.418812949675712,0,"MT","Under development",2021-01-08,NA,"REDD","AUD",2021-07-30,0
"2870",2016,5719685,0.57288321814545,0.00130116542471501,0.00729532441493688,0.418520292014898,0,"MT","Under development",2021-01-08,NA,"REDD","AUD",2021-07-30,0
"2870",2017,5719685,0.572861432789036,0.00133379517511661,0.00910628813791494,0.416698483897932,0,"MT","Under development",2021-01-08,NA,"REDD","AUD",2021-07-30,0
"2870",2018,5719685,0.575196676771649,0.00134726027145873,0.0127622908500744,0.410693772106819,0,"MT","Under development",2021-01-08,NA,"REDD","AUD",2021-07-30,0
"2870",2019,5719685,0.57817312020316,0.00137978221985865,0.0118132531843078,0.408633844392674,0,"MT","Under development",2021-01-08,NA,"REDD","AUD",2021-07-30,0
"2870",2020,5719685,0.581080370658329,0.00139061978033852,0.0107701075562553,0.406758902005078,0,"MT","Under development",2021-01-08,NA,"REDD","AUD",2021-07-30,0
"2870",2021,5719685,0.585422498625862,0.00165413641054283,0.00740146891586435,0.40552189604773,0,"MT","Under development",2021-01-08,NA,"REDD","AUD",2021-07-30,0
"2871",2008,5701716,0.627405721631656,0.00532490741431686,8.09868799368374e-05,0.367188384074091,0,"MT","Under development",2018-01-08,NA,"REDD","AUD",2018-07-05,0
"2871",2009,5701716,0.628113390745542,0.00539507257662572,8.09803527000334e-05,0.366410556325132,0,"MT","Under development",2018-01-08,NA,"REDD","AUD",2018-07-05,0
"2871",2010,5701716,0.628834571026562,0.00529664470818833,9.11060800784145e-05,0.365777678185171,0,"MT","Under development",2018-01-08,NA,"REDD","AUD",2018-07-05,0
"2871",2011,5701716,0.630538058231567,0.00534717479952466,9.11079901226253e-05,0.364023658978785,0,"MT","Under development",2018-01-08,NA,"REDD","AUD",2018-07-05,0
"2871",2012,5701716,0.632681808770533,0.00539269414611919,3.03692764975791e-05,0.36189512780685,0,"MT","Under development",2018-01-08,NA,"REDD","AUD",2018-07-05,0
"2871",2013,5701716,0.634158341908826,0.0055587381902834,0,0.360282919900891,0,"MT","Under development",2018-01-08,NA,"REDD","AUD",2018-07-05,0
"2871",2014,5701716,0.634568414387383,0.00552585797759831,0,0.359905727635018,0,"MT","Under development",2018-01-08,NA,"REDD","AUD",2018-07-05,0
"2871",2015,5701716,0.633809870112984,0.00549070986985387,7.08595331532375e-05,0.360628560484009,0,"MT","Under development",2018-01-08,NA,"REDD","AUD",2018-07-05,0
"2871",2016,5701716,0.631968472820103,0.00555234081810783,0.000263181748987895,0.362216004612801,0,"MT","Under development",2018-01-08,NA,"REDD","AUD",2018-07-05,0
"2871",2017,5701716,0.63104490659486,0.00543344758756893,0.000263189574360851,0.36325845624321,0,"MT","Under development",2018-01-08,NA,"REDD","AUD",2018-07-05,0
"2871",2018,5701716,0.631596177644493,0.00549035382390197,0.000202452747597742,0.362711015784007,0,"MT","Under development",2018-01-08,NA,"REDD","AUD",2018-07-05,0
"2871",2019,5701716,0.632010604556397,0.00565512252369865,0.000192324821616752,0.362141948098288,0,"MT","Under development",2018-01-08,NA,"REDD","AUD",2018-07-05,0
"2871",2020,5701716,0.635012418978737,0.00556172497928248,0.000192328312502044,0.359233527729478,0,"MT","Under development",2018-01-08,NA,"REDD","AUD",2018-07-05,0
"2871",2021,5701716,0.637803759233663,0.00533788045953597,0.000192323784293966,0.356666036522507,0,"MT","Under development",2018-01-08,NA,"REDD","AUD",2018-07-05,0
"2878",2008,5450807.41666667,0.531050393333565,0.00316698762105732,0.00073859753844629,0.465044021506932,0,"AM","Under development",2019-01-11,NA,"REDD","AUD",2019-10-23,0
"2878",2009,5450807.41666667,0.529711495773299,0.00322531227704381,0.000600156445114241,0.466463035504543,0,"AM","Under development",2019-01-11,NA,"REDD","AUD",2019-10-23,0
"2878",2010,5450807.41666667,0.529492569076816,0.0032601811691082,0.000181618837163264,0.467065630916913,0,"AM","Under development",2019-01-11,NA,"REDD","AUD",2019-10-23,0
"2878",2011,5450807.41666667,0.526973255663999,0.00332838179160114,5.96797589575331e-06,0.469692394568504,0,"AM","Under development",2019-01-11,NA,"REDD","AUD",2019-10-23,0
"2878",2012,5450807.41666667,0.526255454754224,0.00326892684566497,5.66739125863743e-06,0.470469951008852,0,"AM","Under development",2019-01-11,NA,"REDD","AUD",2019-10-23,0
"2878",2013,5450807.41666667,0.528175853751864,0.00325363401348989,3.50673833143441e-06,0.468567005496314,0,"AM","Under development",2019-01-11,NA,"REDD","AUD",2019-10-23,0
"2878",2014,5450807.41666667,0.529412949220988,0.00371356116434712,3.11273784255357e-05,0.466842362236239,0,"AM","Under development",2019-01-11,NA,"REDD","AUD",2019-10-23,0
"2878",2015,5450807.41666667,0.532235971698852,0.00321156533097463,0.000350806361690067,0.464201656608483,0,"AM","Under development",2019-01-11,NA,"REDD","AUD",2019-10-23,0
"2878",2016,5450807.41666667,0.532840673899515,0.00322519118649241,0.00034561795266786,0.463588516961325,0,"AM","Under development",2019-01-11,NA,"REDD","AUD",2019-10-23,0
"2878",2017,5450807.41666667,0.534815695295839,0.00325837427368653,0.108046335522995,0.35387959490748,0,"AM","Under development",2019-01-11,NA,"REDD","AUD",2019-10-23,0
"2878",2018,5450807.41666667,0.537022885262062,0.00326287820335649,0.113582814122274,0.346131422412308,0,"AM","Under development",2019-01-11,NA,"REDD","AUD",2019-10-23,0
"2878",2019,5450807.41666667,0.538772590720743,0.003547508039947,0.114275123789426,0.343404777449884,0,"AM","Under development",2019-01-11,NA,"REDD","AUD",2019-10-23,0
"2878",2020,5450807.41666667,0.539256179055625,0.00367206642059213,0.114699007457645,0.342372747066138,0,"AM","Under development",2019-01-11,NA,"REDD","AUD",2019-10-23,0
"2878",2021,5450807.41666667,0.539330923856937,0.00387217819548223,0.115129225617678,0.341667672329903,0,"AM","Under development",2019-01-11,NA,"REDD","AUD",2019-10-23,0
"2980",2008,5711740,0.978223367904142,0.00230300705596824,0,0.01947362503989,0,"AC","Under development",2019-02-01,2029-01-01,"REDD","AUD/APD",2019-01-02,0
"2980",2009,5711740,0.979202707755564,0.00205649682431849,0,0.0187407954201176,0,"AC","Under development",2019-02-01,2029-01-01,"REDD","AUD/APD",2019-01-02,0
"2980",2010,5711740,0.979394215018095,0.0028717457219747,0,0.0177340392599297,0,"AC","Under development",2019-02-01,2029-01-01,"REDD","AUD/APD",2019-01-02,0
"2980",2011,5711740,0.981524969105028,0.00279223748631185,0,0.0156827934086598,0,"AC","Under development",2019-02-01,2029-01-01,"REDD","AUD/APD",2019-01-02,0
"2980",2012,5711740,0.981763754505959,0.00323186991953969,0,0.0150043755745014,0,"AC","Under development",2019-02-01,2029-01-01,"REDD","AUD/APD",2019-01-02,0
"2980",2013,5711740,0.984946604580697,0.00241515891680045,0,0.0126382365025027,0,"AC","Under development",2019-02-01,2029-01-01,"REDD","AUD/APD",2019-01-02,0
"2980",2014,5711740,0.986145303113516,0.00247074712198079,0,0.011383949764503,0,"AC","Under development",2019-02-01,2029-01-01,"REDD","AUD/APD",2019-01-02,0
"2980",2015,5711740,0.986158592976959,0.00229946076772783,0,0.0115419462553131,0,"AC","Under development",2019-02-01,2029-01-01,"REDD","AUD/APD",2019-01-02,0
"2980",2016,5711740,0.985802558266288,0.00282635979807084,0,0.0113710819356411,0,"AC","Under development",2019-02-01,2029-01-01,"REDD","AUD/APD",2019-01-02,0
"2980",2017,5711740,0.985593074371153,0.00321535732118366,0,0.0111915683076631,0,"AC","Under development",2019-02-01,2029-01-01,"REDD","AUD/APD",2019-01-02,0
"2980",2018,5711740,0.983755677670864,0.00378302233226359,0,0.0124612999968725,0,"AC","Under development",2019-02-01,2029-01-01,"REDD","AUD/APD",2019-01-02,0
"2980",2019,5711740,0.980800142657939,0.00504208980655539,0,0.0141577675355055,0,"AC","Under development",2019-02-01,2029-01-01,"REDD","AUD/APD",2019-01-02,0
"2980",2020,5711740,0.981113317538521,0.00467597584928505,0,0.0142107066121941,0,"AC","Under development",2019-02-01,2029-01-01,"REDD","AUD/APD",2019-01-02,0
"2980",2021,5711740,0.977564976383442,0.0039724107820365,1.16596219369428e-06,0.0184614468723276,0,"AC","Under development",2019-02-01,2029-01-01,"REDD","AUD/APD",2019-01-02,0
"3002",2008,5775692,0.654917801465866,0.000559179135388832,0,0.344523019398745,0,"AC","Under validation",NA,NA,"REDD","AUD",2019-08-31,0
"3002",2009,5775692,0.653077442937147,0.000487095684779052,0,0.346435461378075,0,"AC","Under validation",NA,NA,"REDD","AUD",2019-08-31,0
"3002",2010,5775692,0.650774105424565,0.000613630725352706,0,0.348612263850082,0,"AC","Under validation",NA,NA,"REDD","AUD",2019-08-31,0
"3002",2011,5775692,0.64966522260826,0.000519819369216319,0,0.349814958022524,0,"AC","Under validation",NA,NA,"REDD","AUD",2019-08-31,0
"3002",2012,5775692,0.650320982790874,0.000513421724780688,0,0.349165595484345,0,"AC","Under validation",NA,NA,"REDD","AUD",2019-08-31,0
"3002",2013,5775692,0.651981721479186,0.000561986375765367,0,0.347456292145049,0,"AC","Under validation",NA,NA,"REDD","AUD",2019-08-31,0
"3002",2014,5775692,0.655012934061473,0.00049959552693788,0.00132047058882166,0.343166999822768,0,"AC","Under validation",NA,NA,"REDD","AUD",2019-08-31,0
"3002",2015,5775692,0.65681021096438,0.000405282258532915,0.00294393672656143,0.339840570050525,0,"AC","Under validation",NA,NA,"REDD","AUD",2019-08-31,0
"3002",2016,5775692,0.658318689477707,0.00051127560030284,0.00245328502330273,0.338716749898688,0,"AC","Under validation",NA,NA,"REDD","AUD",2019-08-31,0
"3002",2017,5775692,0.659593182903032,0.000648510493910764,0.00246889649540596,0.337289410107651,0,"AC","Under validation",NA,NA,"REDD","AUD",2019-08-31,0
"3002",2018,5775692,0.659918933702929,0.00057705143142795,1.57996014807002e-05,0.339488215264162,0,"AC","Under validation",NA,NA,"REDD","AUD",2019-08-31,0
"3002",2019,5775692,0.660442048386829,0.000540870908010674,1.57984366386866e-05,0.339001282268522,0,"AC","Under validation",NA,NA,"REDD","AUD",2019-08-31,0
"3002",2020,5775692,0.659288453487015,0.000575735119141177,1.58006000534362e-05,0.340120010793791,0,"AC","Under validation",NA,NA,"REDD","AUD",2019-08-31,0
"3002",2021,5775692,0.652586457817566,0.000755970399894129,1.58010993871398e-05,0.346641770683153,0,"AC","Under validation",NA,NA,"REDD","AUD",2019-08-31,0
"3049",2008,5980923.33333333,0.339241826696066,0.005634283204514,0.00442222943718817,0.650701660662232,0,"MT","Under development",2022-01-01,NA,"REDD","AUD",2019-05-29,0
"3049",2009,5980923.33333333,0.341392907673139,0.0054159557323459,0.00490946766729371,0.648281668927221,0,"MT","Under development",2022-01-01,NA,"REDD","AUD",2019-05-29,0
"3049",2010,5980923.33333333,0.345217781414839,0.00548713553575026,0.00639745051791698,0.642897632531494,0,"MT","Under development",2022-01-01,NA,"REDD","AUD",2019-05-29,0
"3049",2011,5980923.33333333,0.321907423590372,0.00546962425895911,0.00711482540297888,0.66550812674769,0,"MT","Under development",2022-01-01,NA,"REDD","AUD",2019-05-29,0
"3049",2012,5980923.33333333,0.323374918964273,0.0054284515533304,0.0102895139630804,0.660907115519316,0,"MT","Under development",2022-01-01,NA,"REDD","AUD",2019-05-29,0
"3049",2013,5980923.33333333,0.335945213661586,0.00535556847261689,0.026369525429786,0.632329692436011,0,"MT","Under development",2022-01-01,NA,"REDD","AUD",2019-05-29,0
"3049",2014,5980923.33333333,0.349943110954663,0.00562790348443844,0.0285499687514125,0.615879016809486,0,"MT","Under development",2022-01-01,NA,"REDD","AUD",2019-05-29,0
"3049",2015,5980923.33333333,0.362406854448155,0.00574723691755041,0.0259014402627209,0.605944468371573,0,"MT","Under development",2022-01-01,NA,"REDD","AUD",2019-05-29,0
"3049",2016,5980923.33333333,0.36165164652268,0.00603289808326587,0.0271823740289596,0.605133081365094,0,"MT","Under development",2022-01-01,NA,"REDD","AUD",2019-05-29,0
"3049",2017,5980923.33333333,0.370392670814349,0.00558236964891249,0.0274441301834043,0.596580829353334,0,"MT","Under development",2022-01-01,NA,"REDD","AUD",2019-05-29,0
"3049",2018,5980923.33333333,0.38013090410993,0.00582786751661224,0.0141865122885559,0.599854716084901,0,"MT","Under development",2022-01-01,NA,"REDD","AUD",2019-05-29,0
"3049",2019,5980923.33333333,0.383789055738154,0.00575554781250803,0.0131467439782906,0.597308652471048,0,"MT","Under development",2022-01-01,NA,"REDD","AUD",2019-05-29,0
"3049",2020,5980923.33333333,0.365932990350214,0.00554027488683647,0.0130386245299418,0.615488110233008,0,"MT","Under development",2022-01-01,NA,"REDD","AUD",2019-05-29,0
"3049",2021,5980923.33333333,0.380285856551284,0.000686029544217141,0.0113195420194693,0.60770857188503,0,"MT","Under development",2022-01-01,NA,"REDD","AUD",2019-05-29,0
"3055",2008,5730110.5,0.731908825497948,0.0637118950472391,0.0283881698836448,0.175991109571168,0,"MT","Under validation",NA,NA,"REDD","AUD",2021-12-14,0
"3055",2009,5730110.5,0.72608581776409,0.0643641042014792,0.0319128167783354,0.177637261256096,0,"MT","Under validation",NA,NA,"REDD","AUD",2021-12-14,0
"3055",2010,5730110.5,0.736476231634643,0.0644114139642189,0.0360366842761722,0.163075670124966,0,"MT","Under validation",NA,NA,"REDD","AUD",2021-12-14,0
"3055",2011,5730110.5,0.735121879725435,0.0641740245114323,0.0333147649008868,0.167389330862246,0,"MT","Under validation",NA,NA,"REDD","AUD",2021-12-14,0
"3055",2012,5730110.5,0.74407780951031,0.0644886207588363,0.0364552350319692,0.154978334698886,0,"MT","Under validation",NA,NA,"REDD","AUD",2021-12-14,0
"3055",2013,5730110.5,0.735880072444429,0.06406119179658,0.0454094510871173,0.154649284671874,0,"MT","Under validation",NA,NA,"REDD","AUD",2021-12-14,0
"3055",2014,5730110.5,0.726434236916407,0.063606576187244,0.0531506330918474,0.156808553804502,0,"MT","Under validation",NA,NA,"REDD","AUD",2021-12-14,0
"3055",2015,5730110.5,0.727155118762969,0.0619044733790945,0.0601528816374357,0.150787526220502,0,"MT","Under validation",NA,NA,"REDD","AUD",2021-12-14,0
"3055",2016,5730110.5,0.719347933995657,0.0595493644422386,0.0721196478060347,0.148983053756069,0,"MT","Under validation",NA,NA,"REDD","AUD",2021-12-14,0
"3055",2017,5730110.5,0.723058588559681,0.0618204906961451,0.0775357461437381,0.137585174600436,0,"MT","Under validation",NA,NA,"REDD","AUD",2021-12-14,0
"3055",2018,5730110.5,0.735584105417468,0.0612222906000971,0.0788646361626132,0.124328967819821,0,"MT","Under validation",NA,NA,"REDD","AUD",2021-12-14,0
"3055",2019,5730110.5,0.725141040909127,0.0642920875310765,0.0825691121442158,0.127997759415581,0,"MT","Under validation",NA,NA,"REDD","AUD",2021-12-14,0
"3055",2020,5730110.5,0.753517542662002,0.0651322640453958,0.0822840295022909,0.0990661637903115,0,"MT","Under validation",NA,NA,"REDD","AUD",2021-12-14,0
"3055",2021,5730110.5,0.78210801848408,0.0439274665973344,0.0789959455824812,0.0949685693361047,0,"MT","Under validation",NA,NA,"REDD","AUD",2021-12-14,0
"3141",2008,4957182.96,0.615025766623974,0.00176354061506796,7.74784176642047e-05,0.383133214343294,0,"AC","Under validation",2019-01-01,NA,"REDD","AUD",2019-01-01,0
"3141",2009,4957182.96,0.610103606332831,0.00165920504314371,4.26524819566805e-05,0.388194536142069,0,"AC","Under validation",2019-01-01,NA,"REDD","AUD",2019-01-01,0
"3141",2010,4957182.96,0.605883214542705,0.00154927145656699,3.40233299710061e-05,0.392533490670757,0,"AC","Under validation",2019-01-01,NA,"REDD","AUD",2019-01-01,0
"3141",2011,4957182.96,0.604562938781588,0.00157987674760279,0.000242230399658483,0.393614954071151,0,"AC","Under validation",2019-01-01,NA,"REDD","AUD",2019-01-01,0
"3141",2012,4957182.96,0.607166059999111,0.00255064640648256,0.000253079455607416,0.390030214138799,0,"AC","Under validation",2019-01-01,NA,"REDD","AUD",2019-01-01,0
"3141",2013,4957182.96,0.611707815680056,0.00260684180371123,2.39905104495394e-05,0.385661352005783,0,"AC","Under validation",2019-01-01,NA,"REDD","AUD",2019-01-01,0
"3141",2014,4957182.96,0.618004164150798,0.00381839176829527,0.000410121128173839,0.377767322952733,0,"AC","Under validation",2019-01-01,NA,"REDD","AUD",2019-01-01,0
"3141",2015,4957182.96,0.618271049152733,0.00324559453420441,0.000764184652742705,0.37771917166032,0,"AC","Under validation",2019-01-01,NA,"REDD","AUD",2019-01-01,0
"3141",2016,4957182.96,0.616656713645748,0.00285638130698063,0.000627367451598468,0.379859537595672,0,"AC","Under validation",2019-01-01,NA,"REDD","AUD",2019-01-01,0
"3141",2017,4957182.96,0.61833234678503,0.00268863105083073,0.00288577678384114,0.376093245380298,0,"AC","Under validation",2019-01-01,NA,"REDD","AUD",2019-01-01,0
"3141",2018,4957182.96,0.622434562627739,0.00331145015141722,0.00336157820829886,0.370892409012545,0,"AC","Under validation",2019-01-01,NA,"REDD","AUD",2019-01-01,0
"3141",2019,4957182.96,0.627062297525741,0.00281057044700847,0.00356035611837974,0.366566775908871,0,"AC","Under validation",2019-01-01,NA,"REDD","AUD",2019-01-01,0
"3141",2020,4957182.96,0.626605047489027,0.00441105185222492,0.0050712498823959,0.363912650776352,0,"AC","Under validation",2019-01-01,NA,"REDD","AUD",2019-01-01,0
"3141",2021,4957182.96,0.611828784924171,0.00337648682449942,0.00504729467325523,0.379747433578075,0,"AC","Under validation",2019-01-01,NA,"REDD","AUD",2019-01-01,0
"3152",2008,5718431.5,0.824649712478022,0.00384771769070688,0.0321630121891446,0.139339557642126,0,"MT","Under development",NA,NA,"REDD","AUD",2021-07-19,0
"3152",2009,5718431.5,0.835230669852245,0.00331034277148467,0.0280362755462918,0.133422711829979,0,"MT","Under development",NA,NA,"REDD","AUD",2021-07-19,0
"3152",2010,5718431.5,0.849287387215717,0.00335703112963042,0.0177534148929168,0.129602166761736,0,"MT","Under development",NA,NA,"REDD","AUD",2021-07-19,0
"3152",2011,5718431.5,0.860370592724917,0.0046414542510484,0.00358673716684864,0.131401215857186,0,"MT","Under development",NA,NA,"REDD","AUD",2021-07-19,0
"3152",2012,5718431.5,0.862163758952675,0.00470552291951128,0.000743906580364051,0.132386811547449,0,"MT","Under development",NA,NA,"REDD","AUD",2021-07-19,0
"3152",2013,5718431.5,0.867942252211015,0.0047105664655883,0.000618198352575022,0.126728982970822,0,"MT","Under development",NA,NA,"REDD","AUD",2021-07-19,0
"3152",2014,5718431.5,0.869860822985584,0.00441237293083384,0.00076285132459922,0.124963952758983,0,"MT","Under development",NA,NA,"REDD","AUD",2021-07-19,0
"3152",2015,5718431.5,0.888113092207385,0.00508151433150068,0.00133162641913469,0.10547376704198,0,"MT","Under development",NA,NA,"REDD","AUD",2021-07-19,0
"3152",2016,5718431.5,0.900758584563999,0.00624506041494105,0.00140024454296835,0.0915961104780916,0,"MT","Under development",NA,NA,"REDD","AUD",2021-07-19,0
"3152",2017,5718431.5,0.906302669165874,0.00637661961247573,0.00149202834286841,0.0858286828787826,0,"MT","Under development",NA,NA,"REDD","AUD",2021-07-19,0
"3152",2018,5718431.5,0.887111094062702,0.00714969853667121,0.00153780938777382,0.104201398012852,0,"MT","Under development",NA,NA,"REDD","AUD",2021-07-19,0
"3152",2019,5718431.5,0.872320814043392,0.00758608499090734,0.00218220194577948,0.117910899019921,0,"MT","Under development",NA,NA,"REDD","AUD",2021-07-19,0
"3152",2020,5718431.5,0.874182787678267,0.00775948681278051,0.00225022940708307,0.11580749610187,0,"MT","Under development",NA,NA,"REDD","AUD",2021-07-19,0
"3152",2021,5718431.5,0.896903405252009,0.00160747302906678,0.00148012388279587,0.100008997836129,0,"MT","Under development",NA,NA,"REDD","AUD",2021-07-19,0
"3281",2008,6076499,0.434944199012308,9.35082947575962e-06,0.286551014008884,0.160472120121737,0.118023316027595,"MG","Under development",2021-05-08,2041-04-08,"REDD","-",2021-08-05,0
"3281",2009,6076499,0.435225086190749,9.35299609279161e-06,0.291080666848658,0.152398092817833,0.121286801146667,"MG","Under development",2021-05-08,2041-04-08,"REDD","-",2021-08-05,0
"3281",2010,6076499,0.438993393827941,9.34756763310165e-06,0.296356084369639,0.143637447329304,0.121003726905483,"MG","Under development",2021-05-08,2041-04-08,"REDD","-",2021-08-05,0
"3281",2011,6076499,0.438451076225624,9.3467594622836e-06,0.310864792300062,0.12391289837505,0.126761886339802,"MG","Under development",2021-05-08,2041-04-08,"REDD","-",2021-08-05,0
"3281",2012,6076499,0.444682682425776,9.34352626561671e-06,0.3478630401443,0.0886096965304611,0.118835237373198,"MG","Under development",2021-05-08,2041-04-08,"REDD","-",2021-08-05,0
"3281",2013,6076499,0.445273004695965,9.34460775722604e-06,0.463994978110942,0.00324111293474318,0.0874815596505922,"MG","Under development",2021-05-08,2041-04-08,"REDD","-",2021-08-05,0
"3281",2014,6076499,0.446623196614343,9.34639209373445e-06,0.477845825146975,0.00231566440851864,0.0732059674380698,"MG","Under development",2021-05-08,2041-04-08,"REDD","-",2021-08-05,0
"3281",2015,6076499,0.44258346110728,0,0.48424476248659,0.00213220318145725,0.0710395732246729,"MG","Under development",2021-05-08,2041-04-08,"REDD","-",2021-08-05,0
"3281",2016,6076499,0.444221076218373,0,0.485663850240043,0.00190084570632782,0.0682142278352566,"MG","Under development",2021-05-08,2041-04-08,"REDD","-",2021-08-05,0
"3281",2017,6076499,0.442126113071303,0,0.48732006871964,0.00104986850828868,0.0695039497007685,"MG","Under development",2021-05-08,2041-04-08,"REDD","-",2021-08-05,0
"3281",2018,6076499,0.442756826907516,0,0.481694923254587,0.000586823723725048,0.0749614261141718,"MG","Under development",2021-05-08,2041-04-08,"REDD","-",2021-08-05,0
"3281",2019,6076499,0.430849091376287,0,0.459210840007243,0.000707758416906942,0.109232310199564,"MG","Under development",2021-05-08,2041-04-08,"REDD","-",2021-08-05,0
"3281",2020,6076499,0.427549608204842,0,0.444226005919993,0.000707758416906942,0.127516627458258,"MG","Under development",2021-05-08,2041-04-08,"REDD","-",2021-08-05,0
"3281",2021,6076499,0.424320582519383,0,0.445968967184652,0.0034846918837515,0.126225758412214,"MG","Under development",2021-05-08,2041-04-08,"REDD","-",2021-08-05,0
"3304",2008,5963702,1,0,0,0,0,"AM","Under development",2022-07-03,2032-06-03,"REDD","AUD",2022-03-07,0
"3304",2009,5963702,1,0,0,0,0,"AM","Under development",2022-07-03,2032-06-03,"REDD","AUD",2022-03-07,0
"3304",2010,5963702,1,0,0,0,0,"AM","Under development",2022-07-03,2032-06-03,"REDD","AUD",2022-03-07,0
"3304",2011,5963702,1,0,0,0,0,"AM","Under development",2022-07-03,2032-06-03,"REDD","AUD",2022-03-07,0
"3304",2012,5963702,1,0,0,0,0,"AM","Under development",2022-07-03,2032-06-03,"REDD","AUD",2022-03-07,0
"3304",2013,5963702,1,0,0,0,0,"AM","Under development",2022-07-03,2032-06-03,"REDD","AUD",2022-03-07,0
"3304",2014,5963702,1,0,0,0,0,"AM","Under development",2022-07-03,2032-06-03,"REDD","AUD",2022-03-07,0
"3304",2015,5963702,1,0,0,0,0,"AM","Under development",2022-07-03,2032-06-03,"REDD","AUD",2022-03-07,0
"3304",2016,5963702,1,0,0,0,0,"AM","Under development",2022-07-03,2032-06-03,"REDD","AUD",2022-03-07,0
"3304",2017,5963702,1,0,0,0,0,"AM","Under development",2022-07-03,2032-06-03,"REDD","AUD",2022-03-07,0
"3304",2018,5963702,1,0,0,0,0,"AM","Under development",2022-07-03,2032-06-03,"REDD","AUD",2022-03-07,0
"3304",2019,5963702,1,0,0,0,0,"AM","Under development",2022-07-03,2032-06-03,"REDD","AUD",2022-03-07,0
"3304",2020,5963702,1,0,0,0,0,"AM","Under development",2022-07-03,2032-06-03,"REDD","AUD",2022-03-07,0
"3304",2021,5963702,0.999820997207102,0,0,0.000179002792897781,0,"AM","Under development",2022-07-03,2032-06-03,"REDD","AUD",2022-03-07,0
"3306",2008,6223071.2,0.56533759136726,0.432656933510863,0.000670096400845892,0.000150512880102585,0.00118486584092854,"TO","Under development",2020-03-09,2030-02-09,"REDD","AUD",2020-09-03,0
"3306",2009,6223071.2,0.565702809658172,0.43229226150929,0.000651493258749422,5.80204187194854e-05,0.00129541515506821,"TO","Under development",2020-03-09,2030-02-09,"REDD","AUD",2020-09-03,0
"3306",2010,6223071.2,0.569416737573914,0.428705453161106,0.000799095045205758,0,0.00107871421977406,"TO","Under development",2020-03-09,2030-02-09,"REDD","AUD",2020-09-03,0
"3306",2011,6223071.2,0.569645485406632,0.428687424592289,0.00118841829965211,0,0.000478671701426804,"TO","Under development",2020-03-09,2030-02-09,"REDD","AUD",2020-09-03,0
"3306",2012,6223071.2,0.569475174370338,0.428660590028481,0.00146598454144,0,0.000398251059740886,"TO","Under development",2020-03-09,2030-02-09,"REDD","AUD",2020-09-03,0
"3306",2013,6223071.2,0.569607854265372,0.427940661701378,0.00214731539963632,0,0.000304168633613104,"TO","Under development",2020-03-09,2030-02-09,"REDD","AUD",2020-09-03,0
"3306",2014,6223071.2,0.56993930254005,0.427672144868138,0.00213682682606344,0,0.000251725765748776,"TO","Under development",2020-03-09,2030-02-09,"REDD","AUD",2020-09-03,0
"3306",2015,6223071.2,0.566143393723167,0.43159708434453,0.00199469384887234,6.60050168651132e-06,0.000258227581743978,"TO","Under development",2020-03-09,2030-02-09,"REDD","AUD",2020-09-03,0
"3306",2016,6223071.2,0.566174592121635,0.431375948433995,0.00197371670172661,0.0002804466023363,0.000195296140306784,"TO","Under development",2020-03-09,2030-02-09,"REDD","AUD",2020-09-03,0
"3306",2017,6223071.2,0.566070665463258,0.431304989356629,0.00208982874244112,0.00040215173880165,0.00013236469886959,"TO","Under development",2020-03-09,2030-02-09,"REDD","AUD",2020-09-03,0
"3306",2018,6223071.2,0.565629286772859,0.431755491246057,0.00221912021753962,0.000295202785393542,0.000100898978150993,"TO","Under development",2020-03-09,2030-02-09,"REDD","AUD",2020-09-03,0
"3306",2019,6223071.2,0.565312544055566,0.432135112515912,0.00224009736468536,0.000291268916690886,2.09771471457312e-05,"TO","Under development",2020-03-09,2030-02-09,"REDD","AUD",2020-09-03,0
"3306",2020,6223071.2,0.565385202758177,0.432136611559724,0.00215545104468944,0.00030175749026375,2.09771471457312e-05,"TO","Under development",2020-03-09,2030-02-09,"REDD","AUD",2020-09-03,0
"3306",2021,6223071.2,0.565601393894453,0.431403091027185,0.00273232259119704,0.00020026104572792,6.29314414371938e-05,"TO","Under development",2020-03-09,2030-02-09,"REDD","AUD",2020-09-03,0
"3430",2008,5956766,0.984959305462527,0,0,0.0150406945374736,0,"AC","Under validation",2020-01-08,NA,"REDD","AUD",2020-08-01,0
"3430",2009,5956766,0.985236131044393,0,0,0.0147638689556071,0,"AC","Under validation",2020-01-08,NA,"REDD","AUD",2020-08-01,0
"3430",2010,5956766,0.985261871467209,0,0,0.0147381285327905,0,"AC","Under validation",2020-01-08,NA,"REDD","AUD",2020-08-01,0
"3430",2011,5956766,0.985529014062946,0,0,0.014470985937054,0,"AC","Under validation",2020-01-08,NA,"REDD","AUD",2020-08-01,0
"3430",2012,5956766,0.98568245467032,0,0,0.0143175453296806,0,"AC","Under validation",2020-01-08,NA,"REDD","AUD",2020-08-01,0
"3430",2013,5956766,0.984879086649964,0,0,0.0151209133500362,0,"AC","Under validation",2020-01-08,NA,"REDD","AUD",2020-08-01,0
"3430",2014,5956766,0.98428214024276,0,0,0.0157178597572404,0,"AC","Under validation",2020-01-08,NA,"REDD","AUD",2020-08-01,0
"3430",2015,5956766,0.983915677767143,0,0,0.0160843222328572,0,"AC","Under validation",2020-01-08,NA,"REDD","AUD",2020-08-01,0
"3430",2016,5956766,0.983576957124275,0,0,0.0164230428757255,0,"AC","Under validation",2020-01-08,NA,"REDD","AUD",2020-08-01,0
"3430",2017,5956766,0.983864233079532,0,0,0.016135766920468,0,"AC","Under validation",2020-01-08,NA,"REDD","AUD",2020-08-01,0
"3430",2018,5956766,0.984327338292135,2.09809996077694e-06,0,0.015670563607904,0,"AC","Under validation",2020-01-08,NA,"REDD","AUD",2020-08-01,0
"3430",2019,5956766,0.984562114345873,0,0,0.0154378856541268,0,"AC","Under validation",2020-01-08,NA,"REDD","AUD",2020-08-01,0
"3430",2020,5956766,0.984557059881273,0,0,0.015442940118727,0,"AC","Under validation",2020-01-08,NA,"REDD","AUD",2020-08-01,0
"3430",2021,5956766,0.983913155148516,0,0,0.016086844851484,0,"AC","Under validation",2020-01-08,NA,"REDD","AUD",2020-08-01,0
"3451",2008,5920039.25,0.798279599962486,0.000227501928688136,0,0.201492898108825,0,"MT","Under development",2019-09-12,2029-08-12,"REDD","AUD",2019-12-09,0
"3451",2009,5920039.25,0.782432682067385,0.000213180139508611,0,0.217354137793107,0,"MT","Under development",2019-09-12,2029-08-12,"REDD","AUD",2019-12-09,0
"3451",2010,5920039.25,0.784520566904204,0.000213179664738034,0,0.215266253431058,0,"MT","Under development",2019-09-12,2029-08-12,"REDD","AUD",2019-12-09,0
"3451",2011,5920039.25,0.787488522170116,0.000184015664846142,0,0.212327462165038,0,"MT","Under development",2019-09-12,2029-08-12,"REDD","AUD",2019-12-09,0
"3451",2012,5920039.25,0.78753787868302,0.00016171822973336,0,0.212300403087247,0,"MT","Under development",2019-09-12,2029-08-12,"REDD","AUD",2019-12-09,0
"3451",2013,5920039.25,0.786175742658796,0.000146967758435804,1.53440212391304e-06,0.213675755180645,0,"MT","Under development",2019-09-12,2029-08-12,"REDD","AUD",2019-12-09,0
"3451",2014,5920039.25,0.783413875416846,0.000109785917635445,6.10792830806396e-05,0.216415259382438,0,"MT","Under development",2019-09-12,2029-08-12,"REDD","AUD",2019-12-09,0
"3451",2015,5920039.25,0.777690389228517,6.70769116441772e-05,0.000113816470428022,0.222128717389411,0,"MT","Under development",2019-09-12,2029-08-12,"REDD","AUD",2019-12-09,0
"3451",2016,5920039.25,0.774936102117674,7.45202431787872e-05,0.000288154884905978,0.224701222754241,0,"MT","Under development",2019-09-12,2029-08-12,"REDD","AUD",2019-12-09,0
"3451",2017,5920039.25,0.775568023103046,6.92742963302567e-05,0.000287848096110883,0.224074854504513,0,"MT","Under development",2019-09-12,2029-08-12,"REDD","AUD",2019-12-09,0
"3451",2018,5920039.25,0.7770746536133,0.000113928504363354,0.00723817575957419,0.215573242122763,0,"MT","Under development",2019-09-12,2029-08-12,"REDD","AUD",2019-12-09,0
"3451",2019,5920039.25,0.780800149939724,0.000127254051500315,0.012930851978642,0.206141744030134,0,"MT","Under development",2019-09-12,2029-08-12,"REDD","AUD",2019-12-09,0
"3451",2020,5920039.25,0.782200727520921,0.000119810277787284,0.0139350356962269,0.203744426505065,0,"MT","Under development",2019-09-12,2029-08-12,"REDD","AUD",2019-12-09,0
"3451",2021,5920039.25,0.784927628302453,0.000115964879936101,0.0136937534999278,0.201262653317683,0,"MT","Under development",2019-09-12,2029-08-12,"REDD","AUD",2019-12-09,0
"3590",2008,5775354.88333333,0.985428602008881,0.00014985313677677,0.000221129530098955,0.0142004153242429,0,"PA","Under validation",NA,NA,"REDD","AUD",2021-01-14,0
"3590",2009,5775354.88333333,0.985574388170525,0.000144369199058488,0.000284385160869479,0.013996857469547,0,"PA","Under validation",NA,NA,"REDD","AUD",2021-01-14,0
"3590",2010,5775354.88333333,0.986954843365848,0.000126918770517217,0.000198403567889854,0.0127198342957444,0,"PA","Under validation",NA,NA,"REDD","AUD",2021-01-14,0
"3590",2011,5775354.88333333,0.987829091915014,0.000137287196465719,0.000124649946676596,0.0119089709418433,0,"PA","Under validation",NA,NA,"REDD","AUD",2021-01-14,0
"3590",2012,5775354.88333333,0.990123420975425,0.000142822504239301,6.30828895386027e-05,0.00967067363079668,0,"PA","Under validation",NA,NA,"REDD","AUD",2021-01-14,0
"3590",2013,5775354.88333333,0.990615519730735,0.000139862076175067,6.98311542727578e-05,0.00917478703881758,0,"PA","Under validation",NA,NA,"REDD","AUD",2021-01-14,0
"3590",2014,5775354.88333333,0.991872471932915,0.000125396179855944,4.66712684848167e-05,0.00795546061874421,0,"PA","Under validation",NA,NA,"REDD","AUD",2021-01-14,0
"3590",2015,5775354.88333333,0.991663175410433,0.000127251589855335,2.66678103169492e-05,0.00818290518939469,0,"PA","Under validation",NA,NA,"REDD","AUD",2021-01-14,0
"3590",2016,5775354.88333333,0.992102249069281,0.000128995645569413,3.36100097260517e-05,0.00773514527542336,0,"PA","Under validation",NA,NA,"REDD","AUD",2021-01-14,0
"3590",2017,5775354.88333333,0.992466990726961,0.000124748776840797,4.47314170626042e-05,0.00736352907913523,0,"PA","Under validation",NA,NA,"REDD","AUD",2021-01-14,0
"3590",2018,5775354.88333333,0.992271892490671,0.000127451836280541,4.47314170626042e-05,0.00755592425598626,0,"PA","Under validation",NA,NA,"REDD","AUD",2021-01-14,0
"3590",2019,5775354.88333333,0.992741926170958,0.000169323162611448,4.47314170626042e-05,0.00704401924936824,0,"PA","Under validation",NA,NA,"REDD","AUD",2021-01-14,0
"3590",2020,5775354.88333333,0.992600592146826,0.000179659488572926,4.35880228764627e-05,0.00717616034172445,0,"PA","Under validation",NA,NA,"REDD","AUD",2021-01-14,0
"3590",2021,5775354.88333333,0.992318678232178,0.000139192024482352,4.35880228764627e-05,0.00749854172046293,0,"PA","Under validation",NA,NA,"REDD","AUD",2021-01-14,0
"3601",2008,5513682,0.785277739293962,0.0184729349989166,0.0130471867469999,0.183202138960121,0,"PA","Under validation",NA,NA,"REDD","AUD",2019-07-25,0
"3601",2009,5513682,0.79115938393072,0.0181622471133948,0.0140659861107557,0.17661238284513,0,"PA","Under validation",NA,NA,"REDD","AUD",2019-07-25,0
"3601",2010,5513682,0.79775784754385,0.017120776978676,0.0157547448161274,0.169366630661347,0,"PA","Under validation",NA,NA,"REDD","AUD",2019-07-25,0
"3601",2011,5513682,0.80012373468015,0.0170258121528351,0.0147737348408644,0.16807671832615,0,"PA","Under validation",NA,NA,"REDD","AUD",2019-07-25,0
"3601",2012,5513682,0.789525356710583,0.0155927303830246,0.0133739184323209,0.181507994474071,0,"PA","Under validation",NA,NA,"REDD","AUD",2019-07-25,0
"3601",2013,5513682,0.769759313305731,0.0143601530672397,0.0143463173632886,0.201534216263741,0,"PA","Under validation",NA,NA,"REDD","AUD",2019-07-25,0
"3601",2014,5513682,0.765503745031628,0.0143537784954576,0.0123878340809555,0.207754642391959,0,"PA","Under validation",NA,NA,"REDD","AUD",2019-07-25,0
"3601",2015,5513682,0.762093611474929,0.0154833117998306,0.0181878865832555,0.204235190141985,0,"PA","Under validation",NA,NA,"REDD","AUD",2019-07-25,0
"3601",2016,5513682,0.76049259632898,0.0160249705640633,0.0310618703579075,0.192420562749049,0,"PA","Under validation",NA,NA,"REDD","AUD",2019-07-25,0
"3601",2017,5513682,0.768464884118668,0.0184825997763488,0.0397893226866877,0.173263193418295,0,"PA","Under validation",NA,NA,"REDD","AUD",2019-07-25,0
"3601",2018,5513682,0.767130153490837,0.0199488975279412,0.0450593356984248,0.167861613282797,0,"PA","Under validation",NA,NA,"REDD","AUD",2019-07-25,0
"3601",2019,5513682,0.763300787997328,0.0206370422384553,0.0340840782959412,0.181978091468275,0,"PA","Under validation",NA,NA,"REDD","AUD",2019-07-25,0
"3601",2020,5513682,0.763698358199367,0.0202077562178726,0.0339570694833465,0.182136816099414,0,"PA","Under validation",NA,NA,"REDD","AUD",2019-07-25,0
"3601",2021,5513682,0.761027412520905,0.0155114469151305,0.0346632314996543,0.18879790906431,0,"PA","Under validation",NA,NA,"REDD","AUD",2019-07-25,0
"3738",2008,3790687.375,0.677505988789632,0.011458262159305,0,0.311035749051063,0,"PA","Under validation",NA,NA,"REDD","AUD",2022-08-31,0
"3738",2009,3790687.375,0.674886981169444,0.0110068982328424,0,0.314106120597713,0,"PA","Under validation",NA,NA,"REDD","AUD",2022-08-31,0
"3738",2010,3790687.375,0.67671149948514,0.0106473041351998,0,0.312641196379661,0,"PA","Under validation",NA,NA,"REDD","AUD",2022-08-31,0
"3738",2011,3790687.375,0.681378207235038,0.0103739928759662,0,0.308247799888996,0,"PA","Under validation",NA,NA,"REDD","AUD",2022-08-31,0
"3738",2012,3790687.375,0.703142340826157,0.0106784300934323,0,0.28617922908041,0,"PA","Under validation",NA,NA,"REDD","AUD",2022-08-31,0
"3738",2013,3790687.375,0.779766756379174,0.0128842561564265,0,0.207348987464399,0,"PA","Under validation",NA,NA,"REDD","AUD",2022-08-31,0
"3738",2014,3790687.375,0.816084078426674,0.0135232353375087,0,0.170392686235818,0,"PA","Under validation",NA,NA,"REDD","AUD",2022-08-31,0
"3738",2015,3790687.375,0.84738959988071,0.0144527896098622,0,0.138157610509427,0,"PA","Under validation",NA,NA,"REDD","AUD",2022-08-31,0
"3738",2016,3790687.375,0.851025402956821,0.01439070500477,0,0.134583892038409,0,"PA","Under validation",NA,NA,"REDD","AUD",2022-08-31,0
"3738",2017,3790687.375,0.804442436308359,0.0140861963461179,0,0.181471367345523,0,"PA","Under validation",NA,NA,"REDD","AUD",2022-08-31,0
"3738",2018,3790687.375,0.729785387841228,0.0133331143159793,0,0.256881497842793,0,"PA","Under validation",NA,NA,"REDD","AUD",2022-08-31,0
"3738",2019,3790687.375,0.661970114560167,0.0118675063672574,0,0.326162379072575,0,"PA","Under validation",NA,NA,"REDD","AUD",2022-08-31,0
"3738",2020,3790687.375,0.645728874416527,0.0105494630948257,0,0.343721662488647,0,"PA","Under validation",NA,NA,"REDD","AUD",2022-08-31,0
"3738",2021,3790687.375,0.640897469154091,0.00975315612261263,0.00297795834747141,0.346371416375826,0,"PA","Under validation",NA,NA,"REDD","AUD",2022-08-31,0
"4016",2008,5959136,1,0,0,0,0,"AM","Under validation",NA,NA,"REDD","APD",2022-11-19,0
"4016",2009,5959136,1,0,0,0,0,"AM","Under validation",NA,NA,"REDD","APD",2022-11-19,0
"4016",2010,5959136,1,0,0,0,0,"AM","Under validation",NA,NA,"REDD","APD",2022-11-19,0
"4016",2011,5959136,1,0,0,0,0,"AM","Under validation",NA,NA,"REDD","APD",2022-11-19,0
"4016",2012,5959136,1,0,0,0,0,"AM","Under validation",NA,NA,"REDD","APD",2022-11-19,0
"4016",2013,5959136,1,0,0,0,0,"AM","Under validation",NA,NA,"REDD","APD",2022-11-19,0
"4016",2014,5959136,1,0,0,0,0,"AM","Under validation",NA,NA,"REDD","APD",2022-11-19,0
"4016",2015,5959136,1,0,0,0,0,"AM","Under validation",NA,NA,"REDD","APD",2022-11-19,0
"4016",2016,5959136,1,0,0,0,0,"AM","Under validation",NA,NA,"REDD","APD",2022-11-19,0
"4016",2017,5959136,1,0,0,0,0,"AM","Under validation",NA,NA,"REDD","APD",2022-11-19,0
"4016",2018,5959136,1,0,0,0,0,"AM","Under validation",NA,NA,"REDD","APD",2022-11-19,0
"4016",2019,5959136,1,0,0,0,0,"AM","Under validation",NA,NA,"REDD","APD",2022-11-19,0
"4016",2020,5959136,1,0,0,0,0,"AM","Under validation",NA,NA,"REDD","APD",2022-11-19,0
"4016",2021,5959136,1,0,0,0,0,"AM","Under validation",NA,NA,"REDD","APD",2022-11-19,0
"4068",2008,5711883,0.995212791927385,0,0,0.00478720807261569,0,"MT","Under validation",2022-08-09,2052-07-09,"REDD","AUD",2022-09-08,0
"4068",2009,5711883,0.995993863487709,0,0,0.00400613651229067,0,"MT","Under validation",2022-08-09,2052-07-09,"REDD","AUD",2022-09-08,0
"4068",2010,5711883,0.99499782476698,0,0,0.0050021752330202,0,"MT","Under validation",2022-08-09,2052-07-09,"REDD","AUD",2022-09-08,0
"4068",2011,5711883,0.994995503730298,2.67644782024974e-05,0,0.00497773179149968,0,"MT","Under validation",2022-08-09,2052-07-09,"REDD","AUD",2022-09-08,0
"4068",2012,5711883,0.99524730232581,1.77041624294636e-05,0,0.00473499351175989,0,"MT","Under validation",2022-08-09,2052-07-09,"REDD","AUD",2022-09-08,0
"4068",2013,5711883,0.995495300252463,0,0,0.00450469974753701,0,"MT","Under validation",2022-08-09,2052-07-09,"REDD","AUD",2022-09-08,0
"4068",2014,5711883,0.995727495405246,0,0,0.00427250459475446,0,"MT","Under validation",2022-08-09,2052-07-09,"REDD","AUD",2022-09-08,0
"4068",2015,5711883,0.994198836301825,8.17437425552785e-05,0,0.00571941995561962,0,"MT","Under validation",2022-08-09,2052-07-09,"REDD","AUD",2022-09-08,0
"4068",2016,5711883,0.993763451595664,2.39711181743893e-05,0,0.00621257728616125,0,"MT","Under validation",2022-08-09,2052-07-09,"REDD","AUD",2022-09-08,0
"4068",2017,5711883,0.993540222021555,1.69207753040471e-05,0,0.00644285720314115,0,"MT","Under validation",2022-08-09,2052-07-09,"REDD","AUD",2022-09-08,0
"4068",2018,5711883,0.992993896003467,0.000100628854232051,0,0.00690547514230103,0,"MT","Under validation",2022-08-09,2052-07-09,"REDD","AUD",2022-09-08,0
"4068",2019,5711883,0.986867193428656,5.084040459173e-05,0,0.013081966166752,0,"MT","Under validation",2022-08-09,2052-07-09,"REDD","AUD",2022-09-08,0
"4068",2020,5711883,0.972703741113006,2.41701602540473e-05,0,0.0272720887267404,0,"MT","Under validation",2022-08-09,2052-07-09,"REDD","AUD",2022-09-08,0
"4068",2021,5711883,0.972965102315136,0,0,0.0270348976848633,0,"MT","Under validation",2022-08-09,2052-07-09,"REDD","AUD",2022-09-08,0
"832",2008,4137982.91666667,0.97239849621169,0.00276944409407249,0.000862016922267016,0.0239700427719708,0,"PA","Registered",NA,NA,"REDD","APD",2007-07-19,1
"832",2009,4137982.91666667,0.970434828234468,0.00452141760868351,0.000532856060728049,0.0245108980961202,0,"PA","Registered",NA,NA,"REDD","APD",2007-07-19,1
"832",2010,4137982.91666667,0.972367568869806,0.00334114254377188,0.000464604711687658,0.023826683874734,0,"PA","Registered",NA,NA,"REDD","APD",2007-07-19,1
"832",2011,4137982.91666667,0.975609750705644,0.00155373742358359,0.000392190950861091,0.0224443209199117,0,"PA","Registered",NA,NA,"REDD","APD",2007-07-19,1
"832",2012,4137982.91666667,0.976611991973428,0.00139942139711207,0.000406752825443672,0.0215818338040162,0,"PA","Registered",NA,NA,"REDD","APD",2007-07-19,1
"832",2013,4137982.91666667,0.976424372409362,0.00240135470694179,0.000390135404442733,0.020784137479254,0,"PA","Registered",NA,NA,"REDD","APD",2007-07-19,1
"832",2014,4137982.91666667,0.975277173893167,0.00401937171294122,0.000369211110082023,0.0203342432838097,0,"PA","Registered",NA,NA,"REDD","APD",2007-07-19,1
"832",2015,4137982.91666667,0.976288266027645,0.00331905058932097,0.000770956432745312,0.0196217269502888,0,"PA","Registered",NA,NA,"REDD","APD",2007-07-19,1
"832",2016,4137982.91666667,0.97728704102442,0.00440906784869788,0.000919964690589671,0.0173839264362925,0,"PA","Registered",NA,NA,"REDD","APD",2007-07-19,1
"832",2017,4137982.91666667,0.976535300348277,0.00526359294738177,0.00131303398459466,0.016888072719746,0,"PA","Registered",NA,NA,"REDD","APD",2007-07-19,1
"832",2018,4137982.91666667,0.977649477802026,0.00306516689767955,0.00187699534161889,0.0174083599586755,0,"PA","Registered",NA,NA,"REDD","APD",2007-07-19,1
"832",2019,4137982.91666667,0.977240839254234,0.0032588167799176,0.00270050442326153,0.0167998395425871,0,"PA","Registered",NA,NA,"REDD","APD",2007-07-19,1
"832",2020,4137982.91666667,0.977924379505731,0.00316447126415706,0.00268454935320599,0.016226599876906,0,"PA","Registered",NA,NA,"REDD","APD",2007-07-19,1
"832",2021,4137982.91666667,0.97655969274407,0.00248714051071353,0.0029034187159408,0.0180497480292761,0,"PA","Registered",NA,NA,"REDD","APD",2007-07-19,1
"875",2008,4715017.66666667,0.989649406747401,0.00172711795749985,0,0.00862347529509965,0,"MT","Registered",NA,2039-12-04,"REDD","AUD",2009-04-13,1
"875",2009,4715017.66666667,0.990150003803996,0.00156920905166867,0,0.00828078714433528,0,"MT","Registered",NA,2039-12-04,"REDD","AUD",2009-04-13,1
"875",2010,4715017.66666667,0.989878842118334,0.00168183886956323,0,0.00843931901210298,0,"MT","Registered",NA,2039-12-04,"REDD","AUD",2009-04-13,1
"875",2011,4715017.66666667,0.989739593082006,0.0019714601896052,0,0.0082889467283892,0,"MT","Registered",NA,2039-12-04,"REDD","AUD",2009-04-13,1
"875",2012,4715017.66666667,0.990775015537611,0.00177976640103973,0,0.00744521806134912,0,"MT","Registered",NA,2039-12-04,"REDD","AUD",2009-04-13,1
"875",2013,4715017.66666667,0.991528336935768,0.00153524848166977,0,0.00693641458256182,0,"MT","Registered",NA,2039-12-04,"REDD","AUD",2009-04-13,1
"875",2014,4715017.66666667,0.991788468595954,0.00140706427240498,0,0.00680446713164123,0,"MT","Registered",NA,2039-12-04,"REDD","AUD",2009-04-13,1
"875",2015,4715017.66666667,0.990564283317572,0.0013410802342384,0,0.0080946364481899,0,"MT","Registered",NA,2039-12-04,"REDD","AUD",2009-04-13,1
"875",2016,4715017.66666667,0.991312691854394,0.00151985910935543,0,0.00716744903625066,0,"MT","Registered",NA,2039-12-04,"REDD","AUD",2009-04-13,1
"875",2017,4715017.66666667,0.991552994241315,0.00151990021755508,7.15519127345257e-06,0.00691995034985654,0,"MT","Registered",NA,2039-12-04,"REDD","AUD",2009-04-13,1
"875",2018,4715017.66666667,0.992450907147515,0.00125224348605129,1.57465289887096e-05,0.00628110283744432,0,"MT","Registered",NA,2039-12-04,"REDD","AUD",2009-04-13,1
"875",2019,4715017.66666667,0.993112652007808,0.00174444818979724,1.67011272195397e-05,0.00512619867517517,0,"MT","Registered",NA,2039-12-04,"REDD","AUD",2009-04-13,1
"875",2020,4715017.66666667,0.993563081687982,0.00190388596590472,1.86081241430774e-05,0.00451442422197078,0,"MT","Registered",NA,2039-12-04,"REDD","AUD",2009-04-13,1
"875",2021,4715017.66666667,0.994989036138781,0.00151761383033699,3.95986996143707e-05,0.00345375133126758,0,"MT","Registered",NA,2039-12-04,"REDD","AUD",2009-04-13,1
"977",2008,3835825.00724638,0.97629706315694,0.000263830122173323,0,0.0234391067208866,0,"PA","Registered",2019-01-01,NA,"REDD","AUD",2019-01-01,1
"977",2009,3835825.00724638,0.969544656442589,0.00143188486224104,0,0.0290234586951701,0,"PA","Registered",2019-01-01,NA,"REDD","AUD",2019-01-01,1
"977",2010,3835825.00724638,0.967695101415454,0.000120535557905092,0,0.0321843630266407,0,"PA","Registered",2019-01-01,NA,"REDD","AUD",2019-01-01,1
"977",2011,3835825.00724638,0.963357122829574,0.000139141310920267,0,0.0365037358595061,0,"PA","Registered",2019-01-01,NA,"REDD","AUD",2019-01-01,1
"977",2012,3835825.00724638,0.96130397830512,0.00234341246704405,0,0.0363526092278364,0,"PA","Registered",2019-01-01,NA,"REDD","AUD",2019-01-01,1
"977",2013,3835825.00724638,0.964621845199579,0.00222079961489869,0,0.0331573551855226,0,"PA","Registered",2019-01-01,NA,"REDD","AUD",2019-01-01,1
"977",2014,3835825.00724638,0.966331606857334,0.000266103164663422,0,0.0334022899780026,0,"PA","Registered",2019-01-01,NA,"REDD","AUD",2019-01-01,1
"977",2015,3835825.00724638,0.966098050611877,0.00026631399171126,0,0.0336356353964116,0,"PA","Registered",2019-01-01,NA,"REDD","AUD",2019-01-01,1
"977",2016,3835825.00724638,0.963515543439264,0.000181143787666496,0,0.0363033127730695,0,"PA","Registered",2019-01-01,NA,"REDD","AUD",2019-01-01,1
"977",2017,3835825.00724638,0.962265542372429,0.000295348514972014,0,0.0374391091125994,0,"PA","Registered",2019-01-01,NA,"REDD","AUD",2019-01-01,1
"977",2018,3835825.00724638,0.957692474126196,0.000542362499908301,0,0.041765163373896,0,"PA","Registered",2019-01-01,NA,"REDD","AUD",2019-01-01,1
"977",2019,3835825.00724638,0.966079916817743,0.000511195777995875,0,0.0334088874042614,0,"PA","Registered",2019-01-01,NA,"REDD","AUD",2019-01-01,1
"977",2020,3835825.00724638,0.966967731723364,0.000863970832699276,0,0.0321682974439362,0,"PA","Registered",2019-01-01,NA,"REDD","AUD",2019-01-01,1
"977",2021,3835825.00724638,0.982549509752359,7.20859639884012e-05,0,0.017378404283653,0,"PA","Registered",2019-01-01,NA,"REDD","AUD",2019-01-01,1
"981",2008,2943053.02368421,0.954681105001717,0.00335653372885177,0,0.0419623612694311,0,"PA","Registered",2009-01-01,NA,"REDD","AUD",2009-01-01,1
"981",2009,2943053.02368421,0.934049913610053,0.0034422467427145,0,0.0625078396472326,0,"PA","Registered",2009-01-01,NA,"REDD","AUD",2009-01-01,1
"981",2010,2943053.02368421,0.926614474461883,0.0040475574754602,0,0.0693379680626572,0,"PA","Registered",2009-01-01,NA,"REDD","AUD",2009-01-01,1
"981",2011,2943053.02368421,0.926215994592031,0.00250259851527941,0,0.0712814068926897,0,"PA","Registered",2009-01-01,NA,"REDD","AUD",2009-01-01,1
"981",2012,2943053.02368421,0.930668439770829,0.00326941233565569,0,0.066062147893515,0,"PA","Registered",2009-01-01,NA,"REDD","AUD",2009-01-01,1
"981",2013,2943053.02368421,0.943894290156259,0.002870239038098,0,0.0532354708056426,0,"PA","Registered",2009-01-01,NA,"REDD","AUD",2009-01-01,1
"981",2014,2943053.02368421,0.931885373248515,0.00335610521531148,0,0.0647585215361734,0,"PA","Registered",2009-01-01,NA,"REDD","AUD",2009-01-01,1
"981",2015,2943053.02368421,0.926310972979899,0.00316292326785053,0,0.0705261037522508,0,"PA","Registered",2009-01-01,NA,"REDD","AUD",2009-01-01,1
"981",2016,2943053.02368421,0.927088561873901,0.00340147694944409,0,0.0695099611766547,0,"PA","Registered",2009-01-01,NA,"REDD","AUD",2009-01-01,1
"981",2017,2943053.02368421,0.926994512076728,0.00334161986854152,0,0.0696638680547301,0,"PA","Registered",2009-01-01,NA,"REDD","AUD",2009-01-01,1
"981",2018,2943053.02368421,0.908438101680647,0.00393799610596144,0,0.0876239022133915,0,"PA","Registered",2009-01-01,NA,"REDD","AUD",2009-01-01,1
"981",2019,2943053.02368421,0.914848649972422,0.0037750711888211,0,0.081376278838757,0,"PA","Registered",2009-01-01,NA,"REDD","AUD",2009-01-01,1
"981",2020,2943053.02368421,0.942390610819166,0.00383803041164439,0,0.0537713587691895,0,"PA","Registered",2009-01-01,NA,"REDD","AUD",2009-01-01,1
"981",2021,2943053.02368421,0.969631743120383,0.00276897806278784,0,0.0275992788168292,0,"PA","Registered",2009-01-01,NA,"REDD","AUD",2009-01-01,1
