"year","ID","issued_credits","vintage_credits","retired_credits"
2006,"10",NA,119943,NA
2007,"10",NA,318968,NA
2008,"10",NA,440886,NA
2009,"10",879797,210076,NA
2010,"10",NA,902136,595
2011,"10",NA,432435,16398
2012,"10",1112212,473751,104439
2013,"10",NA,1025775,28052
2014,"10",NA,1487731,34799
2015,"10",NA,1116559,49470
2016,"10",NA,NA,1619
2017,"10",NA,NA,1188
2018,"10",NA,NA,323069
2019,"10",NA,NA,246009
2020,"10",NA,NA,362994
2021,"10",4536251,NA,1236799
2022,"10",NA,NA,1180745
2023,"10",NA,NA,622808
2006,"103",NA,18311,NA
2007,"103",NA,5375,NA
2009,"103",23686,NA,NA
2012,"103",NA,15027,NA
2013,"103",NA,29999,NA
2014,"103",NA,29838,NA
2015,"103",NA,28821,19576
2016,"103",NA,7365,NA
2022,"103",111050,NA,NA
2023,"103",NA,NA,107795
2010,"1070",NA,36164,NA
2011,"1070",NA,26281,NA
2012,"1070",NA,4572,NA
2014,"1070",67017,NA,NA
2016,"1070",NA,NA,1776
2017,"1070",NA,NA,7237
2018,"1070",NA,NA,3849
2019,"1070",NA,NA,5706
2020,"1070",NA,NA,5120
2021,"1070",NA,NA,29982
2022,"1070",NA,NA,4589
2009,"1076",NA,251635,NA
2011,"1076",NA,60276,NA
2013,"1076",251635,NA,NA
2014,"1076",NA,NA,234260
2015,"1076",60276,NA,4360
2016,"1076",NA,NA,61046
2018,"1076",NA,NA,6667
2019,"1076",NA,NA,5578
2003,"1094",NA,442256,NA
2004,"1094",NA,90539,NA
2005,"1094",NA,97725,NA
2006,"1094",NA,154964,NA
2007,"1094",NA,198289,NA
2008,"1094",NA,11866,NA
2009,"1094",NA,151888,NA
2010,"1094",NA,156230,NA
2011,"1094",NA,259271,NA
2012,"1094",NA,333324,NA
2013,"1094",NA,17975,NA
2014,"1094",NA,41867,NA
2015,"1094",20845,61061,10059
2016,"1094",238868,31017,161668
2017,"1094",60645,23019,72862
2018,"1094",50140,NA,70866
2019,"1094",237880,NA,193562
2020,"1094",810638,NA,104709
2021,"1094",64197,NA,472075
2022,"1094",588078,NA,208863
2023,"1094",NA,NA,129583
2011,"1112",NA,140450,NA
2014,"1112",NA,162177,NA
2015,"1112",53088,179634,53088
2016,"1112",3164,184219,NA
2017,"1112",20000,174227,23164
2019,"1112",92840,NA,33642
2020,"1112",54790,NA,113759
2021,"1112",410592,NA,82947
2022,"1112",206233,NA,98584
2023,"1112",NA,NA,102746
2012,"1113",NA,37540,NA
2013,"1113",NA,269234,NA
2014,"1113",NA,180586,NA
2015,"1113",64644,220892,60886
2016,"1113",527,189476,1149
2017,"1113",32357,181536,33217
2018,"1113",4631,NA,4583
2019,"1113",67835,NA,30710
2020,"1113",54313,NA,93545
2021,"1113",478973,NA,153158
2022,"1113",375984,NA,305426
2023,"1113",NA,NA,14483
2011,"1115",NA,202003,NA
2012,"1115",NA,170778,NA
2013,"1115",2020,163779,22
2014,"1115",16000,197650,16169
2015,"1115",183983,277676,185659
2016,"1115",NA,284595,NA
2017,"1115",73769,282018,8606
2018,"1115",167890,272314,143023
2019,"1115",92898,246388,99383
2020,"1115",NA,NA,54374
2021,"1115",379633,NA,233069
2022,"1115",1090958,NA,233994
2023,"1115",90050,NA,319759
2009,"1118",NA,251529,NA
2013,"1118",120000,NA,120000
2014,"1118",130000,NA,130000
2015,"1118",1529,NA,954
2016,"1118",NA,NA,575
2012,"1142",NA,936,NA
2013,"1142",NA,12638,NA
2014,"1142",2195,NA,NA
2015,"1142",NA,5208,1400
2016,"1142",11379,8924,2846
2017,"1142",5208,3983,1112
2018,"1142",8924,9618,2039
2019,"1142",7155,2122,4914
2020,"1142",6446,NA,5396
2021,"1142",2122,NA,1743
2011,"1144",NA,3635,NA
2012,"1144",NA,8839,NA
2013,"1144",NA,9143,NA
2014,"1144",12474,11412,12474
2015,"1144",28564,11207,28564
2016,"1144",NA,7306,NA
2017,"1144",NA,15044,NA
2018,"1144",NA,3449,NA
2019,"1144",NA,829,NA
2020,"1144",9950,NA,2693
2021,"1144",6054,NA,12807
2022,"1144",13822,NA,2648
2013,"1147",NA,46353,NA
2014,"1147",NA,43216,NA
2015,"1147",NA,46401,NA
2016,"1147",NA,46377,NA
2020,"1147",182347,NA,179000
2021,"1147",NA,NA,300
2011,"1229",NA,12552,NA
2012,"1229",NA,9206,NA
2013,"1229",NA,10667,NA
2014,"1229",27832,6562,8986
2015,"1229",NA,3612,14173
2016,"1229",NA,928,3736
2017,"1229",NA,NA,765
2018,"1229",NA,NA,29
2020,"1229",NA,NA,143
2022,"1229",15695,NA,NA
2011,"1294",NA,30861,NA
2012,"1294",NA,68626,NA
2013,"1294",NA,7376,NA
2014,"1294",106863,NA,NA
2019,"1294",NA,NA,75966
2020,"1294",NA,NA,11861
2021,"1294",NA,NA,11660
2023,"1294",NA,NA,7376
2006,"130",NA,16906,NA
2007,"130",NA,24066,NA
2008,"130",NA,25182,NA
2009,"130",71812,18266,NA
2010,"130",NA,16544,NA
2011,"130",NA,14159,4732
2012,"130",37221,8685,63494
2013,"130",14775,NA,35713
2014,"130",NA,NA,1207
2015,"130",NA,NA,1635
2016,"130",NA,NA,616
2017,"130",NA,NA,30
2018,"130",NA,NA,1236
2019,"130",NA,NA,235
2006,"131",NA,5447,NA
2007,"131",NA,7587,NA
2008,"131",NA,10184,NA
2009,"131",20794,9922,700
2010,"131",12346,10807,NA
2011,"131",NA,10820,7855
2012,"131",NA,10824,2229
2013,"131",NA,10784,2035
2014,"131",NA,1796,NA
2015,"131",23400,NA,19706
2016,"131",NA,NA,23400
2017,"131",2000,NA,1062
2018,"131",NA,NA,358
2019,"131",NA,NA,269
2020,"131",NA,NA,50
2021,"131",NA,NA,11
2022,"131",19631,NA,NA
2011,"1317",NA,1358,NA
2019,"1317",1358,NA,1358
2012,"1329",NA,52108,NA
2013,"1329",NA,70257,NA
2014,"1329",NA,70057,NA
2015,"1329",34268,83207,27568
2016,"1329",14349,96979,21049
2017,"1329",1872,110190,1872
2018,"1329",1619,79071,586
2019,"1329",NA,73079,NA
2020,"1329",1000,NA,200
2021,"1329",581840,NA,287673
2022,"1329",NA,NA,162937
2023,"1329",NA,NA,28176
2012,"1382",NA,1923866,NA
2014,"1382",NA,2006058,NA
2015,"1382",NA,2084635,NA
2016,"1382",15200,2311131,5200
2017,"1382",884163,2394725,884163
2018,"1382",288988,315706,288619
2019,"1382",399993,318046,215550
2020,"1382",463132,318046,599438
2021,"1382",7951092,318047,1231829
2022,"1382",1319795,NA,539757
2023,"1382",667897,NA,728860
2006,"143",NA,22756,NA
2007,"143",NA,26916,NA
2008,"143",NA,28463,NA
2009,"143",84832,29589,60000
2010,"143",NA,41620,835
2011,"143",38181,39536,8263
2012,"143",NA,33914,7708
2013,"143",NA,28362,39033
2014,"143",71814,28508,44354
2015,"143",NA,22092,12612
2016,"143",NA,13711,2710
2017,"143",2500,8717,18931
2018,"143",5000,8121,6337
2019,"143",2000,4217,1055
2020,"143",1000,NA,2505
2021,"143",NA,NA,220
2022,"143",131195,NA,38910
2023,"143",NA,NA,15
2008,"1450",NA,7616,NA
2015,"1450",7616,NA,NA
2007,"146",NA,7115,NA
2008,"146",NA,7721,NA
2009,"146",13036,6852,NA
2011,"146",8652,NA,8067
2012,"146",NA,NA,848
2015,"146",NA,NA,12773
2012,"1503",NA,310664,NA
2013,"1503",NA,454386,NA
2014,"1503",NA,446476,NA
2015,"1503",NA,151801,NA
2016,"1503",166735,NA,157679
2017,"1503",487671,NA,127506
2018,"1503",220447,NA,160762
2019,"1503",336673,NA,290433
2020,"1503",NA,NA,155441
2021,"1503",NA,NA,138382
2022,"1503",37951,NA,34308
2023,"1503",113850,NA,23697
2012,"1550",NA,40093,NA
2021,"1550",40093,NA,NA
2015,"1553",NA,27577,NA
2016,"1553",NA,61922,NA
2017,"1553",27577,NA,27577
2018,"1553",61922,NA,61922
2013,"1571",NA,67877,NA
2014,"1571",NA,157485,NA
2015,"1571",NA,161048,NA
2016,"1571",NA,95934,NA
2017,"1571",NA,253083,NA
2018,"1571",298404,185088,207033
2019,"1571",183940,270935,234417
2020,"1571",NA,232379,40891
2022,"1571",438171,NA,58898
2023,"1571",503314,NA,154546
2008,"158",NA,11791,NA
2009,"158",23392,11601,NA
2010,"158",807,21633,NA
2011,"158",23832,28542,807
2012,"158",NA,34741,2996
2013,"158",37981,29302,3287
2014,"158",NA,31961,22028
2015,"158",NA,33816,42487
2016,"158",101421,28065,103858
2017,"158",NA,22997,10885
2018,"158",15954,7262,16011
2019,"158",16169,NA,16209
2020,"158",4808,NA,4674
2021,"158",17005,NA,11960
2022,"158",20342,NA,21514
2023,"158",NA,NA,3
2008,"164",NA,45363,NA
2009,"164",38821,NA,NA
2010,"164",6542,NA,33
2011,"164",NA,NA,7509
2012,"164",NA,NA,37821
2013,"1654",NA,928856,NA
2017,"1654",NA,25773,NA
2019,"1654",35428,144993,NA
2020,"1654",893428,20795,776570
2021,"1654",170766,134638,313009
2022,"1654",NA,NA,5586
2023,"1654",155433,NA,2013
2013,"1663",NA,29239,NA
2014,"1663",NA,29239,NA
2015,"1663",NA,29239,NA
2016,"1663",NA,29239,NA
2017,"1663",NA,29239,NA
2018,"1663",NA,24436,NA
2019,"1663",29239,11355,4333
2020,"1663",138053,11355,12464
2021,"1663",NA,6011,26870
2022,"1663",32060,NA,27112
2023,"1663",NA,NA,7440
2014,"1686",NA,75523,NA
2015,"1686",NA,259940,NA
2016,"1686",NA,282490,NA
2017,"1686",NA,296775,NA
2018,"1686",NA,436595,NA
2019,"1686",6550,445946,4516
2020,"1686",1790719,397013,467825
2021,"1686",NA,497962,504902
2022,"1686",894975,NA,266949
2023,"1686",NA,NA,133345
2010,"1700",NA,3027,NA
2017,"1700",3027,NA,NA
2018,"1700",NA,NA,3027
2012,"1737",NA,50000,NA
2018,"1737",50000,NA,50000
2007,"18",NA,279,NA
2009,"18",279,NA,NA
2011,"18",NA,NA,279
2006,"180",NA,5222,NA
2010,"180",5222,NA,NA
2012,"180",NA,NA,2739
2013,"180",NA,NA,1980
2014,"180",NA,NA,503
2017,"1804",NA,44820,NA
2018,"1804",NA,16782,NA
2019,"1804",NA,6669,NA
2020,"1804",NA,6728,NA
2021,"1804",50000,1371,30000
2023,"1804",26370,NA,45
2014,"1811",NA,241673,NA
2015,"1811",NA,350142,NA
2016,"1811",NA,308937,NA
2019,"1811",281757,NA,48107
2020,"1811",572483,NA,419760
2021,"1811",46512,NA,281984
2022,"1811",NA,NA,70255
2023,"1811",NA,NA,63370
2016,"1812",NA,7107,NA
2017,"1812",NA,528551,NA
2018,"1812",NA,1448555,NA
2019,"1812",1e+05,NA,34554
2020,"1812",776160,89049,71929
2021,"1812",1108053,370656,10071
2022,"1812",NA,NA,807581
2023,"1812",459705,NA,15515
2012,"1850",NA,5000,NA
2018,"1850",5000,NA,NA
2018,"1884",NA,2549,NA
2020,"1884",240,NA,240
2022,"1884",2309,NA,1238
2023,"1884",NA,NA,656
2007,"19",NA,139,NA
2009,"19",139,NA,NA
2011,"19",NA,NA,139
2007,"1902",NA,1030964,NA
2019,"1902",1030964,NA,242950
2020,"1902",NA,NA,253788
2021,"1902",NA,NA,263013
2022,"1902",NA,NA,271213
2017,"1903",NA,75999,NA
2018,"1903",NA,366408,NA
2019,"1903",NA,563022,NA
2020,"1903",482465,450765,NA
2021,"1903",522964,NA,NA
2022,"1903",NA,NA,297028
2023,"1903",450765,NA,84958
2016,"1953",NA,221370,NA
2017,"1953",NA,296489,NA
2018,"1953",NA,342703,NA
2019,"1953",NA,81056,NA
2020,"1953",941618,NA,27000
2021,"1953",NA,NA,16604
2022,"1953",NA,NA,32000
2023,"1953",NA,NA,22960
2008,"197",NA,31156,NA
2009,"197",48068,34966,NA
2010,"197",21063,31974,21063
2011,"197",NA,24813,NA
2012,"197",69315,42940,69315
2013,"197",56243,38209,56243
2014,"197",NA,43124,NA
2015,"197",NA,45716,48068
2016,"197",85000,39898,83851
2017,"197",NA,40726,NA
2019,"197",93833,NA,93718
2020,"197",NA,NA,115
2006,"198",NA,7009,NA
2007,"198",NA,28280,NA
2008,"198",NA,27797,NA
2009,"198",56045,28005,NA
2010,"198",46600,21472,81889
2011,"198",NA,20907,NA
2012,"198",NA,23948,NA
2013,"198",34448,28246,34448
2014,"198",NA,28093,NA
2015,"198",NA,28868,20756
2016,"198",NA,20666,NA
2021,"198",126198,NA,NA
2022,"198",NA,NA,52936
2007,"20",NA,921,NA
2009,"20",921,NA,NA
2010,"20",NA,NA,360
2011,"20",NA,NA,561
2006,"200",NA,20053,NA
2007,"200",NA,28230,NA
2008,"200",NA,31213,NA
2009,"200",70540,33074,NA
2010,"200",NA,35071,100
2011,"200",NA,37697,14203
2012,"200",105274,37496,105986
2013,"200",47020,NA,67563
2014,"200",NA,NA,5501
2015,"200",NA,NA,23288
2020,"200",NA,NA,1500
2007,"201",NA,595,NA
2008,"201",NA,17963,NA
2009,"201",27973,19669,NA
2010,"201",NA,20454,4924
2011,"201",NA,21506,NA
2012,"201",60559,28153,59500
2013,"201",44859,30893,30217
2014,"201",NA,23069,1961
2015,"201",NA,22972,22454
2016,"201",NA,19122,10000
2017,"201",27953,14114,19000
2018,"201",28400,NA,28400
2019,"201",19888,NA,6794
2020,"201",NA,NA,9031
2021,"201",NA,NA,552
2022,"201",8878,NA,10526
2023,"201",NA,NA,6273
2007,"202",NA,12677,NA
2008,"202",NA,12446,NA
2009,"202",28266,12275,NA
2010,"202",NA,13906,1460
2011,"202",13670,14025,67
2012,"202",NA,10551,3157
2013,"202",25964,10928,10190
2014,"202",NA,12599,25214
2015,"202",NA,9917,26264
2016,"202",NA,8618,NA
2021,"202",50042,NA,NA
2022,"202",NA,NA,21031
2023,"202",NA,NA,1148
2015,"2079",NA,112185,NA
2020,"2079",112185,NA,609
2021,"2079",NA,NA,3386
2022,"2079",NA,NA,30159
2023,"2079",NA,NA,42857
2007,"21",NA,368,NA
2009,"21",368,NA,NA
2011,"21",NA,NA,368
2007,"22",NA,680,NA
2009,"22",680,NA,NA
2011,"22",NA,NA,680
2016,"2252",NA,1058555,NA
2017,"2252",NA,1422367,NA
2018,"2252",NA,1649462,NA
2019,"2252",NA,1607271,NA
2020,"2252",NA,570104,NA
2021,"2252",6307759,NA,48550
2022,"2252",NA,NA,144416
2023,"2252",NA,NA,592676
2007,"23",NA,180,NA
2009,"23",180,NA,NA
2011,"23",NA,NA,180
2011,"2306",NA,779,NA
2020,"2306",779,NA,457
2021,"2306",NA,NA,322
2013,"2316",NA,20000,NA
2021,"2316",20000,NA,3460
2022,"2316",NA,NA,7800
2023,"2316",NA,NA,3405
2020,"2373",NA,16772,NA
2022,"2373",16772,NA,NA
2007,"24",NA,528,NA
2009,"24",528,NA,NA
2011,"24",NA,NA,528
2017,"2465",NA,68663,NA
2018,"2465",NA,65934,NA
2019,"2465",NA,61603,NA
2020,"2465",NA,78402,NA
2021,"2465",NA,42179,NA
2023,"2465",316781,NA,380
2006,"247",NA,7409,NA
2007,"247",NA,6114,NA
2010,"247",13523,NA,13523
2018,"2508",NA,626826,NA
2019,"2508",NA,393921,NA
2020,"2508",NA,362221,NA
2021,"2508",NA,599770,NA
2022,"2508",1734791,332154,94005
2023,"2508",580101,NA,281520
2020,"2539",NA,113876,NA
2021,"2539",NA,652480,NA
2022,"2539",766356,NA,56404
2023,"2539",NA,NA,238278
2021,"2551",NA,803858,NA
2022,"2551",803858,NA,NA
2017,"2558",NA,2714,NA
2018,"2558",NA,61254,NA
2019,"2558",NA,45606,NA
2020,"2558",NA,311936,NA
2023,"2558",421510,NA,11399
2016,"2566",NA,1980,NA
2018,"2566",NA,352,NA
2023,"2566",2332,NA,2325
2017,"2600",NA,1059508,NA
2020,"2600",NA,75069,NA
2021,"2600",1059508,NA,NA
2022,"2600",75069,NA,252621
2023,"2600",NA,NA,1088
2008,"286",NA,29903,NA
2010,"286",29903,NA,15341
2011,"286",NA,NA,8446
2012,"286",NA,NA,303
2013,"286",NA,NA,678
2016,"286",NA,NA,4432
2020,"286",NA,NA,681
2021,"2998",NA,55246,NA
2023,"2998",55246,NA,501
2017,"3010",NA,403869,NA
2020,"3010",NA,97656,NA
2022,"3010",97656,NA,NA
2023,"3010",403869,NA,121707
2006,"304",NA,60102,NA
2007,"304",NA,247868,NA
2008,"304",NA,77100,NA
2010,"304",385070,NA,NA
2013,"304",NA,NA,31000
2018,"304",NA,NA,7767
2019,"304",NA,NA,1568
2020,"304",NA,NA,29123
2021,"304",NA,NA,5854
2022,"304",NA,NA,153399
2023,"304",NA,NA,5156
2021,"3056",NA,46908,NA
2022,"3056",NA,8336,NA
2023,"3056",55244,NA,NA
2006,"322",NA,5722,NA
2008,"322",NA,8903,NA
2009,"322",NA,7437,NA
2010,"322",10268,8429,NA
2011,"322",NA,8111,NA
2012,"322",NA,8389,NA
2013,"322",NA,8498,80
2014,"322",46473,1252,24862
2015,"322",NA,NA,638
2016,"322",NA,NA,1489
2017,"322",NA,NA,667
2018,"322",NA,NA,1198
2020,"322",NA,NA,33
2006,"323",NA,3098,NA
2007,"323",NA,7026,NA
2008,"323",NA,7491,NA
2009,"323",NA,8205,NA
2010,"323",25820,NA,1500
2011,"323",NA,4600,21222
2014,"323",NA,1420,NA
2015,"323",NA,NA,2971
2016,"323",1420,NA,1547
2021,"323",4600,NA,NA
2006,"329",NA,12817,NA
2007,"329",NA,17434,NA
2008,"329",NA,17375,NA
2009,"329",NA,15402,NA
2010,"329",63028,15017,NA
2011,"329",18710,16272,4077
2012,"329",15446,17117,24269
2013,"329",16511,13241,49965
2014,"329",13083,2103,39757
2015,"329",NA,NA,6909
2017,"329",NA,NA,60
2022,"329",NA,NA,783
2007,"33",NA,40627,NA
2008,"33",NA,43325,NA
2009,"33",73749,40789,18235
2010,"33",NA,47039,NA
2011,"33",47191,47025,5000
2012,"33",NA,47251,59513
2013,"33",NA,47022,17400
2014,"33",212347,51458,103936
2015,"33",38675,50131,141983
2016,"33",22402,45640,25145
2017,"33",23164,25250,26017
2018,"33",28032,21307,19891
2019,"33",14747,20189,27454
2020,"33",NA,9059,12048
2021,"33",30000,NA,1434
2022,"33",45805,NA,49807
2023,"33",NA,NA,5224
2006,"332",NA,14140,NA
2007,"332",NA,19857,NA
2008,"332",NA,20405,NA
2009,"332",NA,19801,NA
2010,"332",51254,19704,NA
2011,"332",NA,18611,7390
2012,"332",NA,18889,1153
2013,"332",NA,14729,40225
2014,"332",NA,10575,2485
2015,"332",NA,11543,NA
2016,"332",NA,13265,NA
2017,"332",86386,9966,2992
2018,"332",41613,11940,124999
2019,"332",NA,10493,NA
2020,"332",17787,6047,17787
2021,"332",22925,NA,NA
2022,"332",NA,NA,4370
2017,"3350",NA,270,NA
2023,"3350",270,NA,139
2007,"34",NA,17796,NA
2008,"34",NA,17796,NA
2009,"34",38558,17796,12205
2010,"34",16313,24043,22139
2011,"34",27162,30026,96
2012,"34",NA,20902,4419
2013,"34",33206,16159,18749
2014,"34",NA,18289,27
2015,"34",NA,22678,21027
2016,"34",NA,18996,269
2019,"34",NA,NA,3816
2022,"34",89242,NA,38061
2023,"34",NA,NA,2000
2006,"341",NA,10349,NA
2007,"341",NA,21038,NA
2008,"341",NA,21283,NA
2009,"341",NA,18680,NA
2010,"341",71350,NA,254
2011,"341",NA,NA,1937
2013,"341",NA,NA,10349
2015,"341",NA,NA,39963
2007,"354",NA,29410,NA
2008,"354",NA,51061,NA
2009,"354",NA,51252,NA
2010,"354",100446,25481,20443
2011,"354",69356,25796,39793
2012,"354",NA,27049,440
2013,"354",NA,16940,38079
2014,"354",NA,2737,NA
2015,"354",18000,17092,89036
2016,"354",22247,15521,22247
2017,"354",NA,5317,NA
2020,"354",6000,NA,310
2021,"354",4312,NA,1703
2022,"354",47295,NA,2525
2023,"354",NA,NA,3207
2007,"385",NA,7758,NA
2008,"385",NA,23935,NA
2009,"385",NA,8745,NA
2010,"385",40438,NA,NA
2011,"385",NA,NA,1500
2012,"385",NA,NA,13755
2013,"385",NA,NA,2282
2014,"385",NA,NA,10265
2015,"385",NA,NA,9656
2022,"385",NA,NA,843
2023,"385",NA,NA,2137
2007,"4",NA,786,NA
2009,"4",786,NA,226
2011,"4",NA,NA,560
2006,"451",NA,2000,NA
2010,"451",2000,NA,2000
2008,"455",NA,12553,NA
2009,"455",NA,15107,NA
2010,"455",NA,17789,NA
2011,"455",45449,17106,15000
2012,"455",17106,16004,15000
2013,"455",16004,15851,15000
2014,"455",NA,13913,NA
2015,"455",18000,12424,51057
2016,"455",7902,10836,7615
2017,"455",NA,11692,150
2018,"455",NA,1698,NA
2020,"455",2536,NA,1268
2021,"455",21152,NA,17059
2022,"455",16824,NA,22824
2008,"456",NA,8814,NA
2009,"456",NA,23165,NA
2010,"456",NA,30199,NA
2011,"456",45409,19946,NA
2012,"456",NA,17251,NA
2013,"456",NA,20785,NA
2014,"456",NA,20090,NA
2015,"456",NA,11308,45409
2016,"456",NA,10661,NA
2017,"456",NA,8699,NA
2021,"456",125509,NA,NA
2022,"456",NA,NA,45331
2023,"456",NA,NA,2000
2011,"513",NA,235542,NA
2012,"513",235542,312509,34584
2013,"513",NA,413653,18337
2014,"513",45325,508895,32215
2015,"513",169891,534441,155246
2016,"513",304267,487181,343616
2017,"513",NA,242920,14743
2018,"513",NA,NA,13223
2020,"513",706000,1841,106420
2021,"513",1274116,3898,1061538
2022,"513",NA,NA,45159
2023,"513",5739,NA,130905
2007,"52",NA,8044,NA
2008,"52",NA,8609,NA
2009,"52",16653,9149,16653
2010,"52",9149,9467,9149
2011,"52",NA,6397,NA
2012,"52",NA,6513,NA
2013,"52",NA,8241,NA
2014,"52",NA,1505,NA
2015,"52",10050,NA,2965
2016,"52",1505,NA,4843
2017,"52",1310,NA,4974
2018,"52",9790,NA,6463
2019,"52",NA,NA,3410
2021,"52",3017,NA,NA
2022,"52",6451,NA,NA
2007,"53",NA,8014,NA
2008,"53",NA,19838,NA
2009,"53",24015,13731,19387
2010,"53",NA,18562,1206
2011,"53",31741,26119,3203
2012,"53",NA,22311,9110
2013,"53",NA,21481,18751
2014,"53",65120,21175,60651
2015,"53",NA,16891,NA
2016,"53",NA,15203,1112
2017,"53",NA,7443,814
2018,"53",NA,NA,3922
2019,"53",NA,NA,80
2020,"53",69892,NA,71643
2021,"53",NA,NA,100
2022,"53",NA,NA,104
2023,"53",NA,NA,100
2007,"54",NA,8923,NA
2008,"54",NA,49930,NA
2009,"54",78464,45940,45988
2010,"54",30736,39938,29956
2011,"54",NA,27096,9573
2012,"54",42014,45293,12042
2013,"54",NA,46147,5242
2014,"54",NA,45817,1615
2015,"54",NA,23834,19730
2016,"54",NA,36801,13250
2017,"54",NA,35598,NA
2018,"54",NA,27184,NA
2019,"54",NA,28911,35
2020,"54",2757,32632,2757
2021,"54",108000,40116,6095
2022,"54",232073,NA,72984
2023,"54",40116,NA,70077
2007,"55",NA,3110,NA
2008,"55",NA,8858,NA
2009,"55",9529,9802,9529
2010,"55",12241,NA,12241
2012,"55",NA,1600,NA
2015,"55",1600,NA,NA
2016,"55",NA,NA,1600
2008,"558",NA,6327,NA
2009,"558",NA,10255,NA
2010,"558",NA,21472,NA
2011,"558",16582,20744,16582
2012,"558",NA,19133,NA
2013,"558",NA,19813,NA
2014,"558",NA,20897,NA
2015,"558",42216,8472,10000
2016,"558",NA,6646,10000
2017,"558",NA,5912,12095
2018,"558",NA,3142,10121
2019,"558",3200,NA,178
2020,"558",19540,NA,22
2021,"558",5000,NA,20318
2022,"558",44418,NA,6374
2023,"558",11857,NA,15522
2009,"586",NA,5814,NA
2010,"586",NA,5449,NA
2011,"586",7634,5381,1030
2012,"586",NA,863,NA
2013,"586",NA,NA,5814
2014,"586",NA,NA,70
2015,"586",NA,NA,511
2016,"586",752,NA,191
2017,"586",NA,NA,17
2018,"586",NA,NA,687
2019,"586",1000,NA,318
2020,"586",NA,NA,177
2021,"586",8121,NA,220
2006,"60",NA,11497,NA
2007,"60",NA,24504,NA
2008,"60",NA,23226,NA
2009,"60",53879,24082,2375
2010,"60",42657,23059,5572
2011,"60",28789,24520,9218
2012,"60",NA,26484,50123
2013,"60",NA,22527,15735
2014,"60",57931,3357,11638
2015,"60",NA,NA,19902
2016,"60",NA,NA,21813
2017,"60",NA,NA,88
2019,"60",NA,NA,1248
2020,"60",NA,NA,83
2021,"60",NA,NA,2302
2008,"602",NA,2052,NA
2009,"602",NA,11667,NA
2010,"602",NA,11403,NA
2011,"602",17831,8758,NA
2012,"602",NA,1596,4016
2013,"602",NA,NA,11614
2014,"602",17645,NA,13
2015,"602",NA,NA,41
2016,"602",NA,NA,152
2018,"602",NA,NA,220
2006,"61",NA,8630,NA
2007,"61",NA,11672,NA
2008,"61",NA,10895,NA
2009,"61",28835,7193,20205
2012,"61",9555,NA,77
2013,"61",NA,NA,9605
2014,"61",NA,NA,31
2006,"63",NA,12787,NA
2007,"63",NA,17380,NA
2008,"63",NA,18248,NA
2009,"63",45046,15329,32259
2010,"63",NA,15552,10000
2011,"63",NA,11841,NA
2012,"63",41597,9309,6890
2013,"63",NA,1458,18824
2014,"63",NA,NA,10777
2015,"63",NA,NA,376
2016,"63",NA,NA,332
2018,"63",NA,NA,715
2019,"63",NA,NA,920
2020,"63",NA,NA,300
2023,"63",15261,NA,363
2006,"64",NA,32582,NA
2007,"64",NA,43985,NA
2008,"64",NA,52101,NA
2009,"64",146604,46053,114022
2010,"64",28117,57705,32257
2011,"64",92659,60083,52918
2012,"64",NA,63797,59142
2013,"64",88926,57586,95516
2014,"64",67409,56890,12137
2015,"64",NA,56356,314
2016,"64",10000,48125,51875
2017,"64",10000,33155,NA
2018,"64",11312,NA,36846
2019,"64",34527,NA,33971
2020,"64",7777,NA,7776
2021,"64",111087,NA,17349
2022,"64",NA,NA,47978
2007,"65",NA,2164,NA
2008,"65",NA,8552,NA
2009,"65",8936,8203,NA
2010,"65",NA,9391,6772
2011,"65",17992,9854,2073
2012,"65",NA,8556,5109
2013,"65",NA,8639,5435
2014,"65",NA,8468,3350
2015,"65",NA,7322,NA
2016,"65",NA,6598,NA
2017,"65",NA,3081,NA
2021,"65",53900,NA,2591
2022,"65",NA,NA,4598
2023,"65",NA,NA,13
1999,"665",NA,110764,NA
2009,"665",NA,253897,NA
2011,"665",57000,NA,69
2012,"665",NA,NA,954
2013,"665",1443,NA,56749
2014,"665",759,NA,1200
2015,"665",800,NA,889
2016,"665",NA,NA,13
2017,"665",NA,NA,41
2018,"665",NA,NA,25
2019,"665",24,NA,24
2020,"665",235438,NA,93050
2021,"665",25000,NA,59157
2022,"665",44197,NA,81342
2023,"665",NA,NA,20907
2007,"70",NA,58479,NA
2009,"70",48000,NA,13497
2010,"70",10479,NA,35175
2011,"70",NA,NA,72
2012,"70",NA,NA,9500
2015,"70",NA,NA,224
2009,"708",NA,6647,NA
2010,"708",NA,33088,NA
2011,"708",NA,25911,NA
2012,"708",39735,30291,NA
2014,"708",NA,NA,15000
2016,"708",NA,55518,NA
2017,"708",NA,45942,NA
2018,"708",NA,61109,NA
2019,"708",NA,52698,NA
2020,"708",NA,20160,NA
2021,"708",296831,5202,94672
2022,"708",NA,NA,64679
2023,"708",NA,NA,10256
2002,"78",NA,26045,NA
2003,"78",NA,184,NA
2004,"78",NA,385,NA
2005,"78",NA,385,NA
2006,"78",NA,75182,NA
2007,"78",NA,66167,NA
2008,"78",NA,101745,NA
2009,"78",182649,104173,3110
2010,"78",69756,37764,113902
2011,"78",159625,NA,114776
2012,"78",NA,NA,2674
2013,"78",NA,NA,300
2014,"78",NA,NA,3
2015,"78",NA,NA,160159
2016,"78",NA,NA,1652
2017,"78",NA,NA,1876
2018,"78",NA,NA,12543
2007,"81",NA,1292,NA
2008,"81",NA,18274,NA
2009,"81",19566,NA,10037
2010,"81",NA,NA,9529
2006,"83",NA,30745,NA
2007,"83",NA,43642,NA
2008,"83",NA,40310,NA
2009,"83",106877,29465,NA
2010,"83",37285,31725,32707
2011,"83",47579,27886,25487
2012,"83",NA,25172,23581
2013,"83",NA,22919,6348
2014,"83",41022,21662,44309
2015,"83",NA,20030,63544
2016,"83",NA,4132,20697
2017,"83",12917,NA,19865
2018,"83",NA,NA,4708
2019,"83",30427,NA,10494
2020,"83",500,NA,10148
2021,"83",1000,NA,10014
2022,"83",20081,NA,907
2007,"832",NA,2474650,NA
2011,"832",NA,56439,NA
2012,"832",1e+05,7711,NA
2013,"832",20000,21463,405
2014,"832",12500,79129,3751
2015,"832",588650,31156,87086
2016,"832",NA,85602,55037
2017,"832",NA,67660,25066
2018,"832",206500,NA,191680
2019,"832",5000,NA,32442
2020,"832",230000,NA,111093
2021,"832",1312000,NA,596097
2022,"832",NA,NA,149056
2023,"832",349160,NA,102453
2009,"845",NA,9702,NA
2010,"845",NA,34812,NA
2013,"845",5000,NA,5000
2016,"845",1198,NA,1198
2017,"845",38316,NA,38316
2009,"846",NA,20907,NA
2010,"846",NA,30701,NA
2013,"846",5000,NA,5000
2014,"846",8800,NA,2200
2015,"846",NA,NA,2200
2016,"846",NA,NA,2200
2017,"846",37808,NA,40008
2009,"847",NA,9256,NA
2010,"847",NA,20866,NA
2013,"847",30122,NA,NA
2014,"847",NA,NA,30000
2017,"847",NA,NA,122
2009,"875",NA,595360,NA
2010,"875",NA,840000,NA
2011,"875",NA,842617,NA
2012,"875",NA,891042,NA
2013,"875",258171,938808,11817
2014,"875",404189,924213,342875
2015,"875",645055,843341,167599
2016,"875",1055571,826330,598017
2017,"875",201110,965715,685670
2018,"875",NA,377145,515165
2019,"875",NA,194505,65189
2020,"875",NA,NA,67779
2021,"875",5674980,NA,1199507
2022,"875",NA,NA,408848
2023,"875",NA,NA,318155
2008,"878",NA,34269,NA
2010,"878",NA,38033,NA
2013,"878",12160,NA,5000
2014,"878",NA,NA,3160
2017,"878",60142,NA,60142
2023,"878",NA,NA,4000
2009,"889",NA,34685,NA
2013,"889",5000,NA,5000
2017,"889",29685,NA,29685
2010,"896",NA,148323,NA
2011,"896",NA,980488,NA
2012,"896",NA,741403,NA
2013,"896",148323,419133,2837
2015,"896",NA,NA,25256
2016,"896",NA,NA,1530
2017,"896",NA,NA,402
2018,"896",NA,NA,50000
2019,"896",NA,NA,152
2021,"896",1141024,NA,672423
2022,"896",1e+06,NA,445494
2023,"896",NA,NA,66575
2009,"897",NA,167645,NA
2010,"897",NA,137657,NA
2012,"897",305302,NA,NA
2014,"897",NA,NA,137
2015,"897",NA,NA,36466
2016,"897",NA,NA,81253
2017,"897",NA,NA,12609
2018,"897",NA,NA,33
2020,"897",NA,NA,30
2009,"943",NA,11789,NA
2010,"943",NA,18737,NA
2011,"943",NA,16861,NA
2012,"943",NA,14832,NA
2013,"943",35034,14811,12276
2014,"943",34091,17383,10938
2015,"943",NA,16057,26243
2016,"943",25288,NA,29860
2017,"943",NA,NA,700
2018,"943",NA,NA,48
2019,"943",NA,NA,26
2020,"943",NA,NA,16
2021,"943",16057,NA,NA
2023,"943",NA,NA,11991
2011,"963",NA,78738,NA
2012,"963",NA,84317,NA
2013,"963",163055,60562,NA
2014,"963",60562,60387,183361
2015,"963",56528,90921,30617
2016,"963",44191,98882,56297
2017,"963",29343,105177,70750
2018,"963",30000,77342,30956
2019,"963",106259,99848,108821
2020,"963",37103,105177,33449
2021,"963",51943,NA,64262
2022,"963",282367,NA,NA
2023,"963",NA,NA,239445
2009,"977",NA,1366965,NA
2012,"977",NA,955973,NA
2013,"977",NA,955999,NA
2014,"977",NA,955999,NA
2015,"977",121875,950820,14401
2016,"977",270417,950820,116678
2017,"977",215330,950820,223302
2018,"977",485300,NA,230889
2019,"977",1618930,NA,566544
2020,"977",4075544,NA,2494461
2021,"977",3e+05,NA,1755034
2022,"977",NA,NA,644796
2023,"977",NA,NA,187974
2009,"981",NA,477611,NA
2012,"981",NA,1585465,NA
2013,"981",NA,1585465,NA
2014,"981",2000,1586184,NA
2015,"981",10000,1586184,6848
2016,"981",70000,1586184,3687
2017,"981",NA,1653262,9248
2018,"981",60000,NA,30105
2019,"981",25000,NA,30004
2020,"981",400427,NA,116482
2021,"981",9492928,NA,1454616
2022,"981",NA,NA,1559118
2023,"981",NA,NA,1480107
