{"boundaryID": "RUS-ADM1-28173009", "boundaryISO": "RUS", "boundaryYear": "2017", "boundaryType": "ADM1", "boundarySource": "OpenStreetMap, Wambacher", "boundaryCanonical": "", "boundaryLicense": "Open Data Commons Open Database License 1.0", "licenseDetail": "Open Data Commons Open Database License 1.0", "licenseSource": "https//www.openstreetmap.org/copyright", "boundarySourceURL": "https//wambachers-osm.website/boundaries/", "sourceDataUpdateDate": "Thu Jan 19 07:31:04 2023", "buildDate": "Jan 23, 2023", "admUnitCount": "83", "meanVertices": "24910.0", "minVertices": "912", "maxVertices": "227194", "meanPerimeterLengthKM": "6846.1940956487215", "maxPerimeterLengthKM": "72755.11859596052", "minPerimeterLengthKM": "525.4896702683117", "meanAreaSqKM": "203738.58175174074", "minAreaSqKM": "1440.8769606438254", "maxAreaSqKM": "3069596.454597766"}